appointmentid,buyerid,listingid,date,starttime,endtime
212819880,981547,253548878,2024-05-15,06:53:12,20:54:29
574475322,834145,604801285,2024-04-18,15:23:04,16:08:51
676718633,364865,452035630,2023-11-30,03:25:36,10:50:55
802637324,438569,763668474,2023-12-20,10:10:08,22:06:40
475375450,900798,926373891,2023-08-26,15:26:03,18:18:40
933174029,171297,360279276,2023-12-10,19:14:58,22:51:47
663017199,435142,282430502,2023-09-06,22:27:03,23:50:02
517389559,303306,721710271,2023-11-14,08:01:01,19:03:03
900867514,614479,182065492,2023-12-02,10:16:41,22:18:10
138125848,180829,138123109,2024-05-01,12:39:48,20:40:27
104235646,794872,852186813,2024-07-28,20:38:24,22:27:29
108482899,198995,578960487,2024-05-06,06:24:18,07:25:10
985362817,973957,853164371,2023-08-24,00:57:33,04:51:12
709552538,599749,365070767,2024-06-17,23:32:25,23:40:43
976736815,613616,848642380,2023-10-24,16:09:01,22:01:40
692637431,188951,997921411,2024-01-15,06:44:02,23:21:23
704438761,727992,389041739,2024-06-04,23:43:13,23:59:09
391854787,107978,482948234,2024-04-12,16:25:45,22:25:32
493113940,994677,382505739,2024-07-28,05:15:42,17:07:09
570927012,279353,345151618,2024-05-04,06:49:01,16:08:45
242544484,748559,666923813,2023-12-01,05:16:36,22:08:45
751448279,219899,925245032,2023-08-10,18:35:53,19:54:32
342353397,429015,964275902,2024-06-09,20:29:22,22:41:51
778474358,621309,523132581,2023-11-12,11:15:45,19:05:55
669130641,837816,307304171,2023-08-29,18:20:50,21:50:07
146490428,216245,652618522,2024-03-15,17:37:55,22:00:44
149907226,542605,571968913,2024-02-08,16:18:35,19:34:41
693050513,879741,405750712,2023-11-13,22:56:40,23:15:05
723311763,958056,897689264,2023-10-14,05:01:09,14:16:09
480995939,622788,208916343,2023-08-29,10:06:47,22:51:38
422211236,406903,984472990,2024-07-03,03:00:37,06:14:45
335157476,486456,668451251,2023-08-06,05:34:56,08:41:17
759683916,800313,870974398,2024-04-22,00:51:33,23:01:45
471154077,171297,753158095,2023-08-28,00:12:19,15:46:51
357109770,863132,945986362,2024-06-12,08:56:39,22:35:43
634556553,980127,280734835,2023-11-26,21:42:16,22:29:49
557168207,614479,238107626,2023-12-31,00:41:59,21:26:27
312914246,740672,462595120,2023-08-29,09:58:56,17:15:02
154585345,842057,627939184,2023-10-17,02:47:18,18:26:49
810210827,800313,675298572,2024-08-01,02:32:54,03:46:36
677987898,911488,208916343,2024-05-27,22:23:13,23:25:41
937672417,584932,511090692,2024-01-29,00:11:01,03:02:24
123741818,358032,774640358,2023-09-12,22:09:04,22:50:18
987723213,352075,988464331,2024-05-31,15:45:46,16:10:21
502099565,439941,239239446,2024-04-20,04:13:26,23:12:33
804483710,800061,649865920,2024-03-14,23:16:06,23:18:26
644440606,746058,684946144,2023-12-20,23:00:10,23:02:16
957762526,542605,848664119,2023-11-19,09:13:59,21:55:04
716704065,556296,891679017,2024-04-28,17:35:49,22:23:46
773471892,412149,222417991,2024-01-20,14:08:56,16:35:02
669459530,618377,448628155,2024-01-19,07:24:31,14:27:33
508368507,680467,462910735,2024-04-28,12:12:36,17:37:37
606917785,670047,460672984,2024-02-19,18:18:06,23:00:02
289467327,732868,327668065,2023-11-30,15:32:16,19:52:19
639857163,622857,536877463,2023-10-03,18:48:59,20:04:07
610834623,485407,253548878,2023-09-29,18:14:16,22:07:33
974927406,911488,582022761,2024-06-23,01:21:09,06:42:16
984057452,570272,137730625,2023-08-05,01:58:29,11:12:23
318682234,213266,355502380,2024-06-29,12:48:52,16:04:34
902457959,584244,136507170,2024-08-03,14:51:38,17:26:34
599471375,839516,739482662,2024-06-10,23:26:56,23:46:33
660597045,605410,720773314,2024-04-11,22:10:59,23:19:45
721628657,613616,622237297,2024-07-27,08:01:47,23:23:20
850161940,854783,118736786,2024-01-04,13:54:52,19:01:30
446331030,556296,575561918,2024-01-10,06:46:20,13:07:44
654248262,799497,894302760,2023-12-10,10:50:34,11:22:37
793853362,321756,746407348,2023-09-08,00:16:31,02:15:07
273586414,577549,571968913,2023-10-09,18:11:10,19:26:55
121832648,753331,945986362,2023-09-04,15:14:09,16:25:35
804449020,805057,859997871,2023-12-07,22:20:46,23:24:09
578583760,453055,827062561,2024-01-04,18:30:19,19:30:56
879694150,401941,114240143,2023-09-04,04:07:09,23:32:43
445933231,536423,155949123,2023-12-23,14:48:41,16:12:53
914753334,216245,567517973,2023-10-01,00:06:17,19:52:27
775285419,402965,991806895,2024-02-03,04:40:56,09:04:25
222828058,971859,856699431,2023-10-06,20:06:31,23:41:12
237411011,904359,210487291,2023-11-22,12:34:07,17:59:50
339717508,550153,412746849,2024-04-26,21:20:35,23:47:13
301525378,584932,198915729,2024-04-03,07:05:05,20:32:39
305036844,505841,432753304,2023-12-01,06:50:33,07:39:58
625186633,272280,937075737,2023-12-09,03:48:07,21:21:48
900177420,337467,281473181,2024-01-06,19:24:44,23:58:41
771466936,453055,256997401,2023-12-24,01:52:07,21:40:58
700574121,381434,271881617,2024-06-08,17:01:34,22:51:01
731798710,356508,382505739,2023-11-28,10:37:03,13:44:20
115240587,589647,198915729,2024-03-26,08:13:14,14:26:01
537008164,770312,774640358,2024-05-26,17:35:59,22:12:07
931753441,727992,761694360,2024-04-15,17:41:41,23:18:44
178648022,160753,234439102,2023-08-08,13:37:31,16:38:14
333428170,495874,221108588,2024-07-26,12:16:46,17:06:45
351276114,396238,668451251,2024-01-29,10:28:58,11:07:00
917291558,766336,168306810,2024-03-12,12:52:50,13:11:14
522769891,596591,551560739,2024-04-15,14:59:26,16:14:26
354744166,385168,335246672,2024-07-20,12:54:35,21:37:26
246135206,562726,513541841,2023-11-07,03:39:54,12:09:34
188536193,224912,406141548,2023-12-07,20:17:56,21:11:12
731221219,994629,322557687,2024-01-20,12:59:49,16:15:12
162976574,951786,806664173,2023-09-22,11:19:14,16:00:46
282158074,510314,367216824,2023-08-08,19:51:11,20:13:45
239412221,278459,416680449,2023-09-27,13:24:39,19:38:58
472095406,799865,716315053,2024-01-28,02:30:02,02:44:26
924310726,670047,482141313,2023-11-05,12:36:12,19:07:51
361919626,966882,187569551,2024-07-28,02:01:01,06:12:13
683521972,461251,816204718,2023-12-17,16:06:26,21:01:05
626322877,150589,276827620,2023-09-06,08:52:27,22:28:23
328282151,577875,962681524,2023-10-22,21:36:44,23:05:40
669276273,911488,942054786,2023-08-19,00:10:35,09:26:09
159569677,420226,251581389,2024-04-19,22:48:03,22:57:30
385252033,448460,623298382,2023-09-28,08:39:53,20:03:16
548411806,448460,748066546,2024-01-25,22:38:22,23:56:28
544274055,292381,847143243,2023-11-08,18:23:08,20:21:15
802082950,183804,198915729,2023-11-30,08:01:16,18:02:15
858059515,997283,480711944,2024-06-12,17:47:34,20:53:02
127184180,420916,880788711,2023-09-02,10:13:23,18:36:20
668313015,856753,894302760,2024-07-30,09:28:10,16:16:25
721790756,482292,821001810,2023-09-28,02:01:00,16:50:36
851805132,742227,358836519,2024-06-14,23:34:14,23:50:03
487333454,361008,976037222,2024-05-30,06:37:44,15:49:28
861684346,383322,403626102,2024-07-25,18:11:34,18:36:56
360321904,481819,985864956,2023-12-22,18:23:52,22:40:25
161946592,888291,225565642,2023-09-22,15:28:57,19:09:34
878402857,548422,733103368,2024-04-18,04:12:11,16:38:26
279550109,196622,112890675,2024-06-21,12:15:42,21:51:50
738198813,762294,952153351,2023-12-28,09:41:33,14:57:38
750838899,496140,158326881,2023-12-14,12:53:32,13:54:45
386614958,403806,699804085,2024-06-07,23:01:15,23:10:42
551466800,522639,482806985,2024-07-11,07:26:16,09:44:34
242210179,567961,946376581,2024-06-18,17:18:14,23:46:03
227988966,492009,123012896,2023-12-07,23:54:56,23:58:55
635970759,290357,827546710,2024-05-09,02:32:57,21:33:30
493481208,382624,296538206,2023-12-11,23:36:23,23:42:51
417725386,576009,479031265,2024-05-10,07:40:10,15:29:56
812087861,202662,304227931,2023-10-17,23:35:15,23:49:51
248818280,406903,123645610,2024-01-30,18:01:50,19:09:43
842196755,953439,704750814,2024-06-11,00:55:36,01:20:24
621768212,221064,941382956,2024-07-27,21:58:43,23:34:04
815205495,588536,316121477,2024-02-07,05:00:50,06:00:42
468244829,625930,216936016,2023-09-14,21:21:27,21:33:39
957889803,416149,847143243,2024-06-18,13:10:49,13:11:11
538648763,980127,123435463,2024-05-25,20:13:44,22:04:13
629815146,730179,169892785,2024-05-22,05:08:18,08:08:21
490860954,254227,507721481,2024-04-19,22:40:12,22:56:31
459635783,585403,988290589,2023-08-13,16:24:32,17:51:32
656447860,461671,482141313,2024-05-02,12:28:26,20:42:25
601960140,839516,344809794,2024-01-02,12:29:53,13:46:36
125639469,402228,523132581,2024-07-31,17:45:58,23:40:40
751113701,498667,648204775,2024-06-30,00:07:13,09:25:19
934435295,805057,856699431,2024-02-10,13:00:41,14:08:16
341037541,700784,265608636,2024-02-27,19:59:20,23:01:20
852467774,296120,708260648,2024-07-24,12:40:02,22:17:04
473994174,462765,327668065,2023-09-10,00:01:29,19:50:46
630862234,177610,669929578,2024-04-08,20:28:40,20:34:16
721126851,566351,103993653,2023-10-12,16:03:43,20:17:02
270959406,281990,406141548,2024-04-13,22:26:18,23:55:12
146731546,981571,294394441,2024-05-22,09:41:20,20:02:45
477194029,486456,708858775,2024-07-19,13:19:21,16:54:30
648566460,183804,638967297,2024-06-08,23:47:47,23:53:30
879195491,130230,391022794,2023-08-19,18:18:37,22:46:51
587804679,613598,365112321,2024-04-04,14:57:58,19:00:54
193186919,433147,625569790,2023-10-11,15:41:53,19:07:03
283987511,368959,100555564,2024-03-07,11:51:44,23:49:42
509874196,574239,988290589,2024-06-09,00:37:29,03:14:00
567116595,253677,103874377,2023-09-25,08:48:24,18:56:25
294856750,854974,940416542,2023-08-11,21:34:13,21:50:06
373505693,414173,763605519,2024-06-27,14:02:59,15:57:28
444659149,439941,234510955,2024-02-10,13:48:08,14:44:10
393161123,358032,165885343,2024-02-03,22:43:56,23:30:30
229639425,260747,287148997,2023-09-08,00:55:25,19:44:47
429490521,370843,582022761,2024-06-21,02:38:55,05:28:28
233888383,489122,827676092,2024-01-12,04:49:17,11:55:18
804500221,753376,572153968,2024-07-23,19:14:13,19:45:00
757639014,492009,549991309,2024-01-11,18:28:43,22:21:29
557680295,219184,105806325,2024-02-10,00:16:11,19:15:37
398726675,564188,201044667,2024-05-10,16:06:56,19:39:32
154844428,107978,747268818,2024-07-17,20:46:45,21:33:30
855068001,674344,708858775,2023-08-27,03:57:42,14:43:08
627632507,599277,427708480,2024-05-21,03:26:08,20:04:28
949571549,604105,345943441,2024-05-27,04:56:25,07:58:59
197348752,165879,665228631,2024-04-21,21:13:45,23:14:59
560622617,498469,422189648,2024-06-01,08:08:25,14:12:14
325791517,805057,576689595,2024-06-23,04:12:55,06:03:31
161289696,496337,289111051,2024-03-28,19:00:41,22:03:03
909382129,609492,540953354,2023-12-23,22:29:27,22:56:23
426850047,556041,565628456,2024-01-04,09:00:28,17:59:43
626244747,321756,903510952,2023-08-30,06:11:54,14:50:42
342279745,107978,789387198,2024-02-24,12:26:38,20:23:09
229606830,165879,587221721,2023-10-05,20:02:51,20:26:07
213450012,833978,930584841,2024-01-15,02:17:45,09:19:40
380970760,808824,257918796,2023-11-13,20:01:45,22:33:11
243130892,448460,536877463,2024-03-30,04:49:59,11:55:29
162544314,281170,685485761,2024-05-04,04:51:02,23:41:18
148348117,426701,847705279,2023-12-13,14:42:03,20:47:18
944732332,631594,975630417,2023-09-07,01:21:20,19:20:25
303597395,131213,394060753,2023-10-21,01:02:11,06:46:24
355257776,901452,348562556,2024-04-25,11:08:40,13:48:43
174415124,842914,403655825,2024-07-15,08:02:45,16:18:41
587012134,781878,144080904,2024-01-22,05:35:19,14:13:07
567780775,615357,894465169,2024-02-25,03:00:43,11:12:51
874315178,763182,722262097,2024-03-10,19:41:18,21:09:12
281231923,502894,497242842,2023-10-12,15:59:55,22:13:47
251275119,859714,915570343,2024-03-22,18:14:22,22:25:36
287909138,892224,239239446,2023-10-13,15:24:10,16:06:27
149749126,466585,807245968,2024-07-17,00:09:12,16:03:02
532015909,271598,238107626,2024-06-16,18:30:05,20:03:13
397867660,537756,452035630,2024-06-03,09:57:56,11:56:20
195283845,994928,796288261,2024-04-25,22:42:17,23:36:58
956350114,540077,763668474,2024-03-09,02:14:45,20:09:02
336819904,219184,382505739,2023-10-29,09:18:06,20:34:38
687225687,816757,116761281,2024-05-22,04:41:10,09:17:44
480508069,804661,183202489,2024-06-21,06:16:29,12:41:33
288791905,607042,888582577,2023-10-25,18:40:13,21:45:29
869674091,179986,937871300,2023-10-02,15:26:53,17:37:22
358697056,190091,208837266,2023-11-08,11:36:38,16:43:13
781581344,498667,513541841,2023-12-06,16:25:16,20:46:00
964082030,360340,477181168,2023-11-26,04:46:29,08:06:51
866237146,375479,263510541,2024-06-22,19:35:12,19:48:38
114984618,472719,176198538,2023-11-05,10:04:18,16:39:34
486928209,986820,924202384,2024-04-10,10:20:53,18:37:41
213208641,377203,945491741,2023-11-13,01:46:06,06:17:44
250462005,463755,765440153,2023-09-09,11:48:48,14:17:14
463502885,740672,228160377,2024-04-28,23:49:17,23:53:29
223622014,398122,282430502,2023-12-28,05:33:07,23:49:13
998526812,418404,150811282,2023-09-06,17:31:07,21:16:52
647853212,138611,240400280,2023-11-24,12:36:02,15:31:22
604881266,804764,150811282,2023-08-27,00:12:28,18:45:15
310901029,891128,405750712,2024-05-05,06:48:53,12:32:04
900348808,213266,944164952,2024-05-17,03:18:57,13:06:11
353843081,240586,775737129,2023-11-14,14:39:19,19:21:00
502037993,700252,113756181,2023-08-31,00:08:11,18:52:35
808524478,461961,301161088,2023-12-10,21:34:53,22:36:46
834438999,131475,830565168,2023-12-05,01:49:31,05:13:09
807367528,510848,150046261,2024-02-09,01:05:32,06:27:00
420054686,789536,985200314,2024-01-05,15:13:23,16:32:11
150324849,676106,634030614,2024-02-09,00:50:01,06:57:20
605334576,285875,604128096,2023-08-21,02:36:09,11:09:48
964670362,982244,907115469,2023-10-13,22:53:55,23:53:43
752979582,984047,973163878,2024-04-24,18:15:25,21:03:28
436313421,549624,894302760,2023-12-29,21:36:43,23:26:45
522547840,435825,843389722,2023-08-16,11:49:05,23:23:17
702038777,949871,834181394,2023-08-09,08:01:48,17:02:49
132988247,949120,257126591,2023-09-09,11:01:34,13:55:35
916397256,518497,327668065,2023-10-09,16:12:31,23:58:39
471981356,800071,685485761,2023-09-07,18:37:31,23:39:30
776125994,196622,405497697,2024-07-31,18:33:30,21:32:54
187624515,337902,886886138,2024-01-09,07:01:39,13:22:32
764616972,729206,736279432,2024-04-29,23:43:44,23:57:50
195782905,160753,391022794,2024-06-10,02:32:39,04:08:58
491785471,517694,389644131,2023-08-27,07:56:32,16:21:53
483941031,442278,312451500,2024-06-30,02:50:07,23:30:30
556061823,760418,367733240,2024-02-04,08:51:27,09:21:16
886613244,303358,711037290,2024-05-31,23:08:00,23:52:44
728761445,844037,169253525,2024-02-16,13:42:35,23:42:30
866864642,615903,991396781,2024-07-20,16:15:44,19:48:57
696827990,861271,668590880,2023-08-29,12:42:36,20:15:53
955726211,783915,789954715,2023-10-13,03:14:45,21:00:10
879701293,729206,722884143,2024-03-10,18:15:40,19:15:44
518995022,588536,770828798,2024-03-03,07:44:03,13:29:56
291326087,505841,721710271,2024-04-08,07:11:54,11:03:39
742217245,915334,989355032,2024-06-26,08:47:48,15:58:15
665012806,403806,808908687,2023-11-12,03:51:26,05:36:42
528555776,253677,985584698,2023-12-24,13:51:02,14:44:58
111577422,861992,578580904,2023-11-11,02:25:24,19:26:27
672293284,705386,257752682,2024-04-22,00:10:12,14:12:55
223844632,600283,924228416,2024-01-21,05:56:42,11:12:54
104710880,613865,764035371,2023-12-08,10:36:44,13:20:20
557552079,844037,245688056,2023-08-20,09:45:08,15:44:19
827730612,246221,847143243,2024-01-03,04:57:32,05:10:17
332399423,515946,695600501,2024-06-05,09:47:03,11:51:34
384271451,435632,592300401,2024-06-06,01:16:50,10:18:29
369191715,677009,165885343,2023-12-23,02:18:16,18:00:43
606931504,183804,187569551,2024-03-04,16:10:23,18:58:36
272345962,544397,358836519,2024-01-05,01:53:02,17:38:05
673930119,881755,880788711,2023-08-31,22:13:49,22:16:11
400549092,677009,889246169,2024-04-23,15:15:04,23:07:38
816558879,833978,105806325,2023-08-05,18:52:10,19:05:44
723855342,901124,358607946,2023-11-14,05:26:38,11:55:12
706650118,495874,786025156,2024-01-24,03:43:33,20:15:50
700417945,548422,368868297,2023-09-18,21:48:22,23:04:21
546026779,266393,905690471,2024-04-12,19:59:06,21:51:10
448937573,848906,697286685,2023-09-12,11:00:40,13:30:02
667020808,860809,216936016,2024-02-17,18:09:25,20:36:42
858061598,353575,345875839,2024-06-30,14:52:50,19:06:20
314566151,403806,649865920,2023-08-06,08:20:57,23:43:37
839079395,874095,364016582,2024-02-20,11:59:09,19:47:09
220056806,498667,719295702,2024-01-23,12:04:15,14:49:10
825755240,957493,261105750,2024-03-10,00:50:25,23:20:03
588024955,625748,548610758,2023-11-05,03:05:05,08:15:55
118310804,556296,274990319,2024-02-22,00:50:42,03:03:23
945862490,971402,354181908,2023-11-19,13:39:24,21:26:01
802639385,190127,549991309,2024-03-11,21:16:00,21:25:20
906289375,761944,176198538,2023-11-07,15:59:33,17:59:27
224864446,632870,247459452,2023-10-06,02:08:44,03:49:39
163516669,670047,568860956,2024-05-19,14:13:26,19:51:44
618927829,994629,661188789,2024-01-14,05:03:19,07:38:20
160382639,144602,168306810,2024-06-10,11:35:59,13:52:25
928479843,217715,410281640,2023-12-02,00:29:17,17:52:01
926586460,398122,882335127,2024-04-20,18:44:50,19:24:40
140865959,175236,189960138,2024-06-23,14:20:02,16:29:19
193372929,260772,747268818,2023-10-10,00:37:26,16:39:47
890312836,224525,789954715,2024-01-08,01:29:47,18:25:27
196785006,481819,875478919,2024-05-25,09:40:06,14:50:09
433446010,990499,281473181,2024-03-08,05:50:14,09:41:49
335798042,222339,336924400,2024-06-29,07:02:35,13:39:27
684054523,529774,853164371,2024-05-12,13:55:58,18:05:53
710234879,463755,290769471,2023-10-03,09:53:15,13:24:22
391075047,579011,853964745,2024-04-12,12:20:04,21:18:36
971678879,966401,945986362,2024-05-25,05:07:47,06:33:40
453630837,997283,967172367,2024-04-18,15:44:54,20:44:07
448976375,454694,435178324,2023-11-16,19:16:04,23:40:46
665000638,197147,687843571,2024-04-13,07:23:16,10:35:33
907175405,505841,634030614,2023-08-25,23:16:51,23:33:18
441739541,729206,889285795,2023-08-08,06:24:18,19:18:53
250329969,424085,960402919,2023-08-30,16:46:46,17:11:31
816718026,438569,260261211,2023-12-09,05:55:22,11:33:04
723988060,475436,260261211,2024-02-25,14:04:06,20:29:16
988202361,477142,746407348,2024-03-28,14:17:00,14:56:19
731524851,952233,772868740,2024-07-07,02:54:04,20:44:25
731505352,907006,272038156,2023-12-20,00:57:09,10:05:50
296946137,665006,976037222,2024-02-26,00:13:27,21:47:28
134628734,949120,944164952,2024-01-21,13:33:39,18:02:54
307018243,567961,925245032,2023-10-29,15:54:16,21:41:13
782893770,755091,345245648,2024-02-06,09:07:29,10:11:31
204372395,613865,977089428,2024-04-18,07:01:30,15:48:22
946475109,793686,277632292,2023-10-08,03:09:17,23:21:13
166544666,570422,687422666,2024-03-26,12:37:28,22:29:55
671748255,625930,172581040,2023-09-23,21:12:21,21:28:20
130208712,758063,131373265,2024-08-01,10:06:24,23:10:02
153625115,406903,801179983,2023-09-02,20:15:15,21:06:55
825378115,115368,228160377,2023-09-02,23:33:47,23:48:50
997990051,976487,889285795,2024-05-26,13:37:01,17:04:44
402378584,778615,825444772,2023-08-22,07:00:03,09:06:07
144532801,495347,795525968,2024-07-14,19:51:48,20:04:26
857228279,737292,574766925,2024-07-16,09:15:48,19:43:41
454877701,438569,348562556,2023-10-18,20:22:05,23:28:49
499656056,598365,382505739,2023-08-30,18:06:58,22:16:46
357542127,461671,155398772,2024-01-19,06:55:23,08:44:13
722182404,781878,970115975,2024-07-06,05:22:35,13:26:09
470386250,209491,377595135,2023-09-01,14:10:55,20:20:32
299901460,803184,373151021,2023-09-15,23:47:53,23:51:46
787789494,505595,394060753,2023-12-29,09:27:20,17:45:18
440973261,982840,270153093,2024-03-18,21:04:09,22:58:33
633176500,230190,578580904,2024-04-11,19:19:15,21:30:05
923427483,225110,163625303,2024-01-17,09:07:12,18:06:16
247182519,529003,623292230,2023-08-24,03:52:50,17:13:57
605223793,945673,168306810,2024-06-03,08:15:48,18:14:33
401739299,303358,921893586,2024-02-17,15:20:38,18:16:00
401510051,511720,249918560,2023-09-10,19:47:27,22:47:55
830428404,156182,509298541,2023-12-11,12:16:38,15:14:35
124537877,339147,530885819,2023-08-10,09:16:27,22:44:50
233679632,125246,735392701,2023-08-13,11:10:45,18:12:38
590304268,854974,967172367,2024-07-24,07:58:03,12:42:15
830820382,724674,765008472,2024-01-08,22:32:24,23:20:27
745335060,907006,687843571,2024-06-08,07:03:58,16:40:28
955465722,966401,196127817,2024-06-19,04:46:47,05:28:47
769506264,799865,544047963,2024-05-08,13:01:59,23:11:14
641480026,426716,784787406,2024-07-12,12:44:12,13:37:12
459354444,323406,924228416,2024-04-11,01:41:22,20:54:23
256050611,492085,831920106,2024-01-24,13:53:43,15:31:38
674452663,746058,358836519,2024-06-07,01:46:10,01:52:42
483921772,567961,134279195,2023-09-15,09:48:00,17:33:48
606512170,614479,800671429,2024-01-13,11:48:44,21:27:55
268765156,516239,182065492,2023-11-03,09:26:54,14:21:51
203390948,982244,159820818,2023-11-20,17:46:15,20:47:12
325764871,695725,265608636,2023-11-09,23:00:06,23:04:52
829494928,515946,569935047,2024-04-20,14:00:32,18:56:42
603539022,855862,112890675,2024-03-26,00:11:44,07:32:44
294068762,812776,859997871,2024-07-25,04:03:10,08:21:13
930789451,632409,754855739,2023-10-29,08:43:04,13:19:00
400984359,876494,575561918,2023-10-13,20:50:20,22:07:51
467226194,423273,470128914,2023-12-22,04:17:00,05:52:32
200565827,267205,744364421,2023-08-25,14:35:55,16:06:14
401637071,551267,227277331,2024-07-17,16:58:15,18:36:30
547882983,879881,257918796,2023-09-28,01:52:26,17:42:50
775559011,589647,895498200,2024-02-02,08:46:14,23:49:44
131050221,576291,919088579,2024-03-25,01:45:07,05:06:37
984818647,966401,894807518,2024-02-21,23:06:24,23:51:35
548085575,742227,848642380,2024-03-30,11:11:03,14:21:03
400125341,406903,257752682,2023-11-17,18:12:54,19:15:42
174793761,840736,172687149,2024-06-26,21:17:02,21:37:19
240475976,881113,666522689,2024-06-27,21:46:51,22:27:04
884369308,381434,297804645,2023-12-29,11:17:37,19:13:50
769635295,166035,459799351,2023-10-05,03:05:10,13:17:25
569917408,498469,318154144,2024-07-07,14:41:18,18:08:53
318039605,412149,886886138,2023-08-12,13:49:33,20:02:59
781428727,230190,239239446,2023-09-29,21:33:34,22:20:58
428997591,840736,352169601,2024-05-24,16:29:55,19:47:34
388657510,874095,436329145,2024-06-29,05:45:25,18:25:28
972233704,162550,894807518,2024-08-03,09:32:17,15:07:03
542816226,837816,793691362,2024-04-22,18:44:37,22:43:06
489665220,295556,627250072,2023-12-01,01:38:15,09:55:50
696743785,315160,766189434,2024-01-27,19:50:18,23:29:40
414989583,416206,335194623,2023-09-03,23:03:40,23:41:35
394214694,661541,198915729,2024-03-16,16:53:51,21:10:49
737646201,435240,893176268,2023-08-17,12:43:42,18:25:30
970310787,454694,245688056,2023-08-18,23:05:58,23:27:55
300588623,295776,598205651,2024-01-01,19:12:18,21:38:16
134607059,742227,592300401,2023-08-28,09:43:46,14:01:22
755426514,854783,657776500,2023-09-01,15:34:27,20:54:30
293129282,901452,514660857,2024-03-21,11:17:07,15:26:58
836118833,732868,497199511,2024-04-18,22:15:21,23:01:06
488136527,396238,572153968,2023-11-29,21:11:14,22:03:19
985584000,430726,325826671,2023-12-21,08:55:56,16:58:33
107326949,134526,285185225,2024-02-03,10:29:06,22:06:06
312308676,430726,234510955,2024-04-18,03:46:16,12:43:28
705852978,285875,263510541,2024-07-30,00:54:24,17:42:23
243884252,981032,336924400,2023-08-21,19:21:02,23:23:17
341700659,489463,566470680,2024-01-17,15:24:48,18:20:57
212877886,873437,234510955,2024-06-08,17:16:57,22:47:04
178596731,439309,699804085,2024-03-17,12:46:42,13:35:38
304776435,621309,868183942,2024-02-07,14:05:30,18:34:30
445496182,942057,275534653,2023-08-05,00:06:42,00:40:34
106763354,598365,360279276,2024-01-17,20:55:29,23:40:06
764998523,799606,924224793,2024-07-08,13:36:47,15:09:07
376891983,644591,278690875,2023-10-13,05:07:44,22:29:44
768746417,742227,750635694,2024-05-12,16:37:43,21:45:37
336759159,373831,993959923,2023-12-13,22:40:07,22:52:16
746905107,842914,595618353,2023-11-27,12:50:56,17:36:11
463886842,495347,754855739,2024-01-29,10:28:12,18:09:33
309710815,498667,571249258,2024-03-26,03:10:11,13:22:53
579644340,600283,387308308,2023-12-08,15:07:26,15:47:15
910256138,967949,341789053,2023-10-31,20:37:04,23:16:23
939669503,100199,480711944,2023-08-16,13:11:55,23:12:47
236116845,724567,968322958,2023-11-08,04:17:39,08:42:47
353395398,792987,319083695,2024-07-18,16:24:37,22:44:13
175874948,448460,253305443,2024-07-30,17:48:07,17:52:57
920736532,891128,344809794,2023-11-18,21:22:45,22:19:56
790936575,644858,172362426,2024-04-24,11:02:44,13:11:56
245140178,271598,869787193,2023-12-16,15:04:06,20:21:18
906876827,489483,971757794,2024-02-12,03:45:10,09:39:17
176274142,285887,694405383,2024-05-04,14:00:06,17:00:57
853153924,980993,172133811,2023-08-27,09:43:03,15:27:22
582074849,423273,980311891,2023-11-14,04:39:23,08:57:09
133530872,562726,468444462,2023-10-09,12:36:22,15:36:25
825802749,414430,345943441,2024-07-09,02:46:41,13:34:05
889602499,337467,469763455,2024-05-15,13:01:51,21:21:57
285615363,958056,522062706,2024-03-01,12:06:18,18:30:20
143607463,544397,915570343,2023-10-24,21:41:59,22:17:42
438835898,519633,373344514,2023-11-26,23:41:57,23:52:44
289834981,401941,827546710,2023-12-07,06:53:10,11:31:47
118540400,789535,860752240,2024-04-17,07:09:16,14:26:36
410242885,789536,143378769,2024-01-23,17:55:05,22:52:29
269199303,388722,228160377,2023-08-23,18:06:53,19:21:38
748130321,700784,345875839,2024-01-15,07:41:42,19:56:31
966510156,229641,148705492,2024-03-09,06:11:12,18:05:55
529083191,620654,598205651,2024-05-07,21:18:26,21:27:51
203178196,505841,889703865,2024-02-09,18:33:37,19:03:15
590634770,599749,169892785,2024-02-21,10:34:21,13:01:50
622502935,301965,717032590,2023-09-22,11:28:10,19:34:30
328241139,596591,569751764,2024-07-18,20:21:10,22:07:24
675952353,570422,985584698,2024-02-17,19:25:38,20:37:27
490700386,574239,808908687,2023-12-04,04:58:16,17:27:22
177147819,769263,463179399,2023-10-12,08:42:46,10:25:28
101412036,414952,930195132,2024-01-06,01:29:26,03:43:52
413051144,463755,541101536,2023-10-27,21:07:27,21:07:37
417759580,196622,988999884,2023-12-20,02:25:21,05:05:48
942690884,352075,680990275,2024-01-19,11:06:28,15:16:29
490821453,435843,196127817,2024-05-17,20:14:41,20:57:09
428221031,856753,227277331,2023-09-01,03:52:28,22:20:39
753645064,571579,210162375,2024-05-04,10:48:57,14:16:58
384848827,628611,442644162,2023-09-28,05:55:09,12:13:12
648237176,596816,655460620,2023-08-26,23:10:46,23:39:51
573723738,587772,886886138,2023-12-08,08:11:07,11:38:56
345878437,209491,497199511,2023-10-17,15:41:24,22:05:13
630381941,454694,968322958,2024-07-13,03:52:36,09:15:46
323597001,899922,827676092,2024-03-31,17:11:47,22:14:58
881154260,783915,837556535,2024-01-23,09:23:04,15:37:56
935822998,357770,262830488,2024-06-16,23:28:49,23:30:49
776360238,641729,306356335,2023-12-08,04:36:20,23:31:22
667141962,424085,136507170,2024-01-11,03:58:38,08:28:33
814211392,361008,699804085,2024-06-03,02:06:45,04:40:16
457256109,917768,245688056,2023-09-10,00:20:22,06:19:38
812677833,114970,542245656,2023-11-29,19:25:14,20:21:41
893106875,119144,668451251,2023-08-25,20:21:21,23:37:46
195053763,599749,603136283,2024-04-23,18:44:17,23:06:19
709118666,160753,201044667,2024-02-03,16:32:10,20:45:58
363681365,300915,860752240,2024-03-03,17:01:17,18:24:30
428576307,482292,521862416,2024-06-11,06:32:34,16:59:39
906222174,995245,786025156,2023-10-16,21:32:06,21:50:20
275356595,547610,362337084,2024-03-21,16:01:00,17:14:17
319370862,377203,267619305,2024-06-15,00:05:26,11:32:42
834751899,864379,155949123,2023-10-31,05:32:45,07:12:16
322160894,789536,114240143,2024-04-20,23:32:22,23:40:46
335165423,404813,708260648,2023-10-12,04:54:28,12:40:30
276885371,549624,497199511,2023-10-14,15:03:42,15:25:02
756699592,517694,817253050,2024-02-11,20:35:50,22:10:00
235656850,576291,687843571,2024-03-14,02:16:51,05:09:53
424343624,279359,825699173,2023-12-17,10:50:27,20:00:03
239429502,951786,615385972,2024-07-15,06:58:34,17:05:47
408785904,997283,339960627,2023-11-23,04:03:29,07:00:08
163865884,224525,808908687,2024-02-17,08:47:42,22:29:37
150301919,381425,583557203,2024-07-02,16:49:44,21:18:42
538869331,303358,398965518,2024-04-17,21:38:27,22:46:57
478181966,221589,240400280,2023-12-13,09:21:23,14:51:18
235345722,731421,439743990,2023-09-25,02:02:51,06:47:19
477460787,100199,422899574,2023-08-14,00:39:55,03:36:58
765696304,831750,541101536,2024-04-10,21:12:53,21:57:48
494783580,195027,713902416,2024-03-10,15:20:43,21:54:55
776107705,800061,639536865,2024-04-20,14:50:14,19:27:56
173841188,904359,509078186,2024-06-08,14:04:14,15:25:06
283841493,388911,514660857,2024-03-21,01:06:51,08:55:41
380079701,646895,976037222,2023-12-18,18:28:24,21:11:55
988228459,881113,691211899,2023-11-27,23:41:40,23:49:11
362939903,622857,366117296,2023-08-20,05:41:07,16:29:45
957776400,360340,608381254,2023-11-08,05:36:46,15:08:30
429778679,984814,568860956,2023-10-29,13:46:13,19:55:11
299558114,532481,717032590,2024-07-02,07:29:16,17:33:25
371369991,913031,885969227,2023-11-04,16:23:51,17:29:48
481710071,285875,516624515,2024-05-03,22:59:19,23:19:42
860926082,279359,798286425,2023-11-05,18:44:40,19:56:01
157262993,542605,970371866,2024-06-05,03:19:41,09:31:13
314232194,801186,544047963,2023-10-15,10:44:53,18:41:05
335296488,325115,648144239,2023-09-24,09:43:30,14:05:16
264500412,714766,935910587,2023-12-31,23:21:48,23:56:35
592032491,566351,987485166,2024-07-14,10:32:05,21:59:59
594615607,656570,595469220,2024-06-04,22:00:15,23:01:11
242399212,430726,394060753,2024-02-06,05:27:18,06:29:15
719575038,416206,251581389,2024-01-01,10:27:21,23:51:03
391511254,602108,277632292,2024-06-25,16:35:02,16:38:46
725857645,980127,544047963,2023-10-22,15:43:35,19:57:46
563129779,956323,623292230,2023-12-31,07:33:33,12:22:37
320921041,810456,964222179,2024-03-15,22:18:12,23:17:46
501047471,503493,210162375,2024-01-08,08:02:52,23:53:17
455810413,137515,268515889,2023-10-23,03:50:45,18:15:45
617191502,708270,116761281,2024-03-09,12:15:36,22:44:31
969251694,625748,796963015,2023-11-20,03:26:00,05:06:18
293222601,915334,990983424,2024-02-22,08:51:10,23:39:00
655093267,587772,899061137,2023-12-27,13:28:10,16:21:44
697369011,553439,946744051,2024-01-19,23:07:56,23:09:08
769165135,613598,988290589,2024-05-10,01:13:12,08:00:11
429667058,605410,126367966,2024-03-13,10:46:43,20:01:36
901814995,281149,124627336,2024-06-20,09:11:54,21:03:46
330605499,373449,595944005,2024-03-16,06:52:48,10:34:51
565329742,584932,945986362,2023-12-10,01:36:26,09:33:36
632264168,865127,952153351,2024-08-02,12:01:40,14:03:48
552512532,540077,567238908,2024-01-07,10:00:09,11:53:52
344092461,495022,555592818,2023-09-06,05:31:34,06:19:11
118873006,188951,989397856,2024-04-02,10:48:03,23:24:54
720671478,489518,990983424,2023-10-02,10:14:41,18:53:48
710361259,398122,410281640,2024-03-31,13:41:39,18:02:59
705495623,518405,989355032,2023-11-08,05:53:34,19:24:30
846400623,776506,422899574,2023-10-15,21:25:21,23:31:12
426679134,844037,825444772,2023-11-21,06:33:42,17:52:07
495382048,626495,847143243,2023-11-22,07:15:25,23:25:31
452915090,609492,925245032,2023-12-18,22:56:19,23:56:04
305892440,801898,595469220,2024-02-14,14:39:27,21:21:02
911678887,131213,344511650,2024-05-07,23:47:26,23:58:22
498810600,984365,355709286,2024-07-22,04:12:18,22:00:26
135805855,385168,843389722,2024-07-15,21:49:42,23:44:30
967497974,645397,339715955,2024-02-05,10:48:44,14:01:53
909915861,874095,571058696,2024-01-10,22:41:09,23:37:42
317061623,840736,554289882,2024-06-13,12:46:02,12:52:04
732221236,956323,791321217,2024-06-25,16:19:23,21:59:01
877822767,131213,543725496,2024-02-08,21:37:12,23:50:57
750853606,615903,324121514,2024-05-25,23:12:37,23:26:39
628052679,253248,648204775,2023-11-29,21:32:56,22:05:16
731074720,542473,422189648,2024-03-08,14:07:07,18:05:46
214412232,518625,716315053,2023-11-30,11:35:12,23:57:47
569182227,967949,650725965,2023-08-07,18:57:23,23:33:14
860779497,618377,800325147,2024-05-25,20:10:09,21:45:58
123015034,743842,964275902,2024-05-16,02:29:33,04:29:51
906605838,207842,105806325,2024-06-30,23:33:05,23:41:59
712390275,244419,789954715,2023-11-03,21:55:55,22:03:27
234899995,745452,950744250,2023-09-07,01:48:31,11:16:21
590799681,573578,123012896,2023-10-27,04:45:45,12:27:17
827501743,266393,790075027,2023-09-24,22:13:01,23:24:12
200292080,315160,988464331,2023-09-18,09:48:33,15:08:57
218413366,157307,852186813,2024-06-11,11:53:26,13:42:01
642763657,842914,920117086,2024-06-19,01:56:35,12:14:38
675071845,160753,509078186,2024-02-12,13:05:15,14:19:04
699352022,246221,300594138,2024-05-31,12:20:53,14:07:47
125583577,999956,268515889,2024-06-29,09:16:16,23:33:27
637193353,555800,661188789,2023-11-23,00:51:03,06:38:03
999746099,594475,282430502,2024-04-28,16:37:02,18:04:45
923814558,186600,306879207,2024-04-01,15:08:38,23:49:21
585085771,723019,427708480,2024-06-14,03:43:39,17:12:03
769961888,656570,876288724,2023-11-06,06:49:48,11:02:12
265529470,727992,460249529,2023-09-16,06:25:35,15:07:10
449680490,532481,724941571,2023-09-01,07:17:47,12:23:49
101576988,128739,307304171,2024-05-17,09:38:39,09:43:41
858622507,188951,343078953,2024-03-08,05:18:08,19:04:40
241267619,856753,405750712,2024-02-12,22:17:25,23:46:21
134111526,563224,267619305,2023-09-12,07:12:37,16:48:38
475795279,567961,474531565,2024-02-12,17:29:21,19:22:14
172918779,556016,680990275,2024-04-14,13:38:27,20:35:32
375390893,536881,339960627,2024-06-17,04:34:55,04:50:40
409857847,454694,989397856,2024-02-15,14:57:53,16:08:09
426098592,861271,114792146,2023-10-08,15:25:18,16:47:49
937419678,511720,385498101,2023-10-24,15:12:56,22:08:02
379231760,518497,182870648,2024-08-02,03:32:47,09:19:55
373501170,134899,234439102,2024-01-23,10:23:23,22:42:30
500313160,871515,652618522,2023-12-30,06:38:42,22:03:39
349140367,484591,389644131,2024-03-18,01:26:42,08:33:08
931492966,111988,468444462,2024-03-15,16:03:40,20:42:26
541900465,532257,435178324,2024-01-30,12:23:26,19:02:25
717217078,881113,551560739,2024-03-05,23:29:06,23:40:23
876727564,502894,648144239,2023-08-20,08:05:01,16:34:54
667403861,224525,608381254,2023-08-29,08:43:57,20:02:47
443671852,879881,687422666,2024-02-12,14:14:30,21:04:49
466206773,310150,427353304,2024-04-19,01:24:26,08:33:36
420477226,646895,766189434,2024-03-27,01:16:34,17:06:59
