transactionid,listingid,buyerid,transactiontype,transactiondatetime,price,commissions,status
178550,657776500,609316,Sale,2024-07-01 15:03:23.525075,3365201.53,100988.33,Completed
464932,529183998,424092,Sale,2024-07-08 16:27:20.185000,3435503.11,145645.97,Cancelled
648727,482141313,519633,Rent,2024-01-09 17:07:49.165823,3557381.87,198065.29,Cancelled
899858,373151021,219159,Lease,2024-05-13 05:16:15.849656,2356029.47,71977.35,Cancelled
741927,249918560,471270,Lease,2023-09-05 04:14:09.170074,2090786.25,104834.89,Completed
382602,598284453,515946,Rent,2023-12-16 03:06:16.259588,876106.52,39804.66,Completed
225533,267619305,794477,Rent,2024-06-21 18:34:44.879432,4782919.45,102033.98,Completed
122366,716163889,751839,Lease,2023-11-08 09:39:32.997263,663714.04,30318.11,Cancelled
361864,712148430,535014,Lease,2023-09-23 09:16:12.456177,3221147.98,92495.08,Pending
373070,463179399,781919,Rent,2023-12-26 03:57:22.354889,778950.74,19493.91,Pending
598728,116761281,484984,Rent,2024-03-22 05:55:07.437623,1025712.21,41402.24,Cancelled
840387,427477904,999956,Sale,2024-04-13 03:07:12.456448,4084363.18,206301.4,Pending
531913,800671429,652287,Sale,2023-10-06 07:41:49.543532,1960965.42,59131.04,Pending
387455,522297232,944355,Rent,2023-08-16 13:39:59.914304,3941909.32,93360.43,Pending
842427,390400872,879881,Rent,2024-03-04 23:21:29.377480,2623997.8,131543.81,Cancelled
327317,716163889,620654,Rent,2024-03-29 08:04:41.763873,3104773.44,84088.85,Cancelled
194293,623298382,799865,Sale,2024-04-03 17:38:18.987298,3013132.63,110470.16,Cancelled
170537,355502380,141262,Rent,2024-07-30 19:36:01.603695,1434623.89,29797.16,Completed
933782,810577747,538791,Rent,2023-12-01 20:38:03.032544,2284786.33,91301.95,Completed
687450,112890675,789535,Sale,2024-07-10 03:26:46.011571,667552.55,26597.31,Cancelled
570838,216936016,163828,Lease,2023-12-04 07:50:51.932846,2671813.8,76398.5,Pending
545236,900094829,128739,Lease,2023-10-27 08:10:35.632556,1370779.89,64261.84,Cancelled
579107,900680661,177610,Rent,2024-07-05 20:59:12.112628,2814656.2,124089.38,Pending
207284,281473181,439941,Rent,2024-04-20 23:18:18.567303,982126.44,49499.94,Cancelled
732791,343979772,615357,Sale,2024-07-07 06:31:10.995913,4440176.9,238292.06,Pending
385070,144080904,448460,Lease,2023-12-16 00:40:40.526147,3569937.92,93346.63,Completed
629775,848642380,198344,Rent,2024-04-09 14:43:30.836716,2927823.86,115879.67,Pending
177507,921893586,156711,Rent,2024-06-17 19:55:29.403500,3127358.38,158323.75,Completed
198964,618853619,799865,Lease,2023-10-03 15:57:49.512558,1049220.86,39979.02,Completed
752328,443378667,983938,Rent,2024-07-23 07:22:54.802337,2916408.68,162993.68,Completed
831764,468444462,997248,Sale,2024-07-03 23:18:18.493706,1285653.91,67347.56,Cancelled
853980,834317568,482101,Sale,2024-07-14 01:52:30.225676,3751536.66,138150.59,Pending
501579,410281640,272280,Rent,2023-12-29 10:02:27.780828,1496731.11,54125.7,Cancelled
294453,696236483,708457,Sale,2024-07-30 22:57:11.748384,2486582.63,126207.13,Cancelled
863973,604128096,990499,Lease,2024-03-07 16:40:23.274940,252308.98,10449.54,Completed
874379,561147189,947616,Lease,2023-10-04 01:05:30.467339,517202.35,11033.95,Completed
680289,930584841,603612,Lease,2024-04-26 22:23:32.364901,1596954.45,83937.35,Completed
709395,410281640,448460,Rent,2023-08-10 15:22:58.425186,2455913.03,139261.95,Pending
978692,404956382,144602,Lease,2024-01-12 18:45:23.702172,2527746.3,143113.16,Completed
671391,981256509,793686,Lease,2024-05-17 10:16:26.613122,3589675.0,111855.81,Cancelled
780694,176198538,489463,Lease,2023-12-30 16:31:16.829057,4587798.37,190649.68,Completed
281804,863512056,503046,Lease,2024-06-28 05:36:39.990370,648037.93,24164.7,Completed
154205,937871300,802544,Rent,2024-05-25 04:00:52.765466,4188784.89,217766.57,Completed
414171,278690875,361008,Lease,2024-03-29 13:52:41.471733,1893400.66,54739.74,Pending
657270,724941571,130304,Sale,2024-05-16 11:09:34.218512,4225168.87,212171.12,Cancelled
174990,398117086,482101,Rent,2024-04-12 16:28:23.504290,1844541.31,94228.25,Completed
780573,993959923,761944,Sale,2024-02-27 18:00:53.038950,1611369.73,41427.19,Completed
791391,367216824,416149,Rent,2024-01-08 01:59:00.005854,2867958.96,111626.02,Pending
849296,367216824,850245,Sale,2024-04-12 04:36:34.802478,4242714.47,185279.69,Completed
965205,608381254,542605,Rent,2024-07-14 04:15:53.477020,2635689.16,80455.58,Cancelled
266572,895498200,138611,Rent,2024-07-02 20:33:45.740591,3087058.92,147069.05,Pending
477779,514660857,357770,Sale,2023-11-10 00:59:43.074854,4045689.32,92101.91,Completed
718179,169540736,984365,Lease,2024-05-30 20:32:04.380669,1066443.31,37428.1,Pending
284306,789954715,745897,Lease,2024-03-22 15:06:49.504204,362381.18,12717.23,Pending
348420,946171338,952278,Rent,2023-12-15 09:50:31.918377,3950320.07,145333.29,Pending
835664,834181394,213266,Lease,2024-03-13 02:44:30.583599,3036063.89,142652.5,Completed
556157,364016582,414952,Sale,2024-01-03 16:41:27.209971,427587.81,23766.89,Cancelled
827389,789954715,714373,Rent,2024-05-10 18:34:04.766702,726908.67,32606.67,Pending
640249,448628155,799497,Lease,2024-06-01 05:22:47.907266,623724.61,32831.51,Cancelled
552399,235657124,175148,Sale,2024-05-09 21:48:12.137793,2993206.09,128628.8,Cancelled
923095,253548878,980993,Lease,2023-09-05 12:28:44.632515,4812249.54,260271.22,Completed
676021,404956382,572611,Sale,2024-05-15 09:26:40.541652,1918835.08,71196.62,Cancelled
190035,475967502,221589,Rent,2024-04-03 03:11:10.620864,4891645.7,258091.64,Completed
502757,225920804,388911,Lease,2024-05-07 13:31:38.352997,1652880.67,60245.66,Completed
944699,240400280,967949,Sale,2024-03-11 15:28:08.715999,2944596.23,95252.67,Cancelled
903109,925897189,485407,Sale,2023-09-24 14:20:38.869245,2915936.6,168988.97,Cancelled
929447,582496546,404813,Rent,2024-01-03 06:46:09.958920,1259998.13,41241.33,Cancelled
901829,992953139,787623,Lease,2024-03-22 02:23:47.002636,4564593.83,110028.75,Cancelled
634044,328040373,848567,Sale,2024-03-16 11:52:07.940645,3452047.16,86209.85,Cancelled
582563,741329448,414430,Sale,2023-12-01 09:03:36.099733,2559691.24,121492.57,Completed
992966,371058797,621817,Lease,2024-03-30 23:58:25.030391,3863246.39,188165.26,Cancelled
467369,335194623,518405,Sale,2023-09-06 20:05:42.606904,4034894.53,119115.02,Cancelled
944428,322557687,587772,Sale,2023-11-20 06:56:23.496698,3579286.01,146240.31,Pending
420829,442644162,310150,Sale,2024-03-26 14:24:12.143964,3318742.62,73442.88,Cancelled
369181,735392701,532481,Lease,2024-07-26 03:15:43.188776,2427238.7,79744.32,Completed
613342,475257156,739380,Lease,2023-10-14 13:51:31.219357,1697592.95,94615.32,Completed
531259,301161088,430355,Rent,2024-05-03 06:32:19.351158,1626699.95,51564.39,Cancelled
645769,198915729,999219,Rent,2024-05-27 20:40:13.118777,3595421.6,90624.7,Pending
381739,657776500,435632,Rent,2023-10-10 18:33:22.102381,1551385.73,61672.49,Completed
883714,509078186,739128,Lease,2024-05-14 10:09:59.972641,3943028.12,139085.29,Cancelled
909991,103874377,910352,Rent,2024-04-23 16:32:11.657672,1710285.93,79893.23,Completed
758272,940416542,228334,Rent,2023-11-24 14:57:46.024228,118032.8,5978.75,Pending
539704,971757794,766336,Lease,2023-12-17 04:31:53.302641,131353.12,5975.91,Pending
962072,847143243,484984,Sale,2024-04-30 13:53:49.499623,826622.17,44199.2,Completed
999959,112890675,259459,Rent,2024-06-05 17:43:31.934069,3278209.11,124813.85,Pending
735679,285185225,547610,Sale,2024-07-19 15:03:20.128191,2810172.76,58691.91,Cancelled
807562,680990275,413931,Sale,2023-10-18 12:23:37.901017,4771928.72,105117.43,Cancelled
117477,196127817,363410,Rent,2024-05-02 01:56:06.205760,2548480.18,139993.92,Completed
466635,238107626,605410,Rent,2024-08-04 21:06:08.496126,1869448.8,110093.99,Cancelled
196109,741494051,656570,Sale,2024-03-11 19:58:30.813723,1285137.75,66330.32,Pending
556455,507721481,942057,Rent,2023-12-15 17:05:43.236696,3468998.47,137632.86,Pending
989375,377595135,383322,Lease,2024-06-15 09:34:37.252544,4056762.58,144777.58,Completed
736783,946744051,730179,Sale,2024-07-08 04:48:58.325735,1254074.2,30913.72,Pending
596167,276359823,789535,Lease,2023-08-06 15:39:03.532729,2910812.48,100010.63,Cancelled
313567,814484385,967949,Sale,2023-12-25 04:13:22.682936,1337583.58,56835.59,Completed
921857,895498200,530373,Lease,2023-11-27 14:06:56.393078,746798.92,38883.14,Cancelled
183755,598205651,641729,Rent,2024-01-22 00:50:45.994512,2889116.57,133586.75,Completed
251316,307304171,356508,Rent,2024-02-06 16:20:09.660114,3953462.17,233139.7,Pending
443351,604801285,202662,Sale,2024-06-07 20:16:06.539342,543176.14,14198.32,Pending
974487,479031265,569575,Sale,2024-05-29 02:54:58.458634,302211.27,11786.35,Cancelled
300982,405497697,704333,Sale,2023-11-24 20:53:01.134900,1332896.39,26758.3,Cancelled
514593,150046261,352814,Lease,2024-07-16 13:54:59.943159,3036401.86,83178.5,Pending
275123,765482178,307977,Lease,2023-09-17 17:03:26.396234,1775466.48,48588.38,Pending
151853,391071493,553429,Rent,2023-08-22 19:14:54.673084,4459432.98,221769.49,Completed
693048,460249529,588536,Lease,2023-10-08 10:49:11.691759,4866045.89,243289.83,Completed
852167,509188545,963920,Lease,2024-07-23 03:06:42.748662,3002446.33,160659.35,Completed
962628,144181465,723500,Lease,2024-04-05 16:39:50.733034,3411086.1,137787.1,Completed
626318,414774382,982244,Sale,2023-08-22 14:23:22.640582,1592620.87,35728.23,Pending
481021,770215400,107978,Lease,2024-04-09 04:44:32.833440,1167947.78,63768.98,Pending
597353,169892785,279359,Lease,2024-02-12 19:32:55.425516,4262559.58,104733.31,Completed
472998,443378667,804661,Rent,2024-01-13 14:23:55.385810,3738008.29,118815.22,Pending
606428,278690875,319190,Rent,2023-10-31 22:27:20.235453,2884957.08,90657.21,Pending
100730,985146285,994748,Sale,2023-09-04 04:27:31.780540,1149793.91,33434.64,Completed
512264,864888814,138611,Sale,2024-05-16 08:58:21.068299,1040683.48,50369.69,Completed
471670,187569551,759782,Rent,2023-08-22 18:57:46.242531,4295541.62,216534.98,Cancelled
898252,595944005,697419,Rent,2024-05-20 00:47:56.971648,2818650.99,166952.03,Cancelled
340304,945491741,131422,Rent,2024-04-01 02:41:58.682730,2017835.34,117900.53,Pending
170860,853164371,783060,Sale,2024-02-22 09:01:37.923747,3371669.65,98183.3,Pending
948836,754855739,816169,Rent,2023-08-13 01:30:54.529792,4879492.04,120297.91,Cancelled
926221,201654081,944355,Rent,2023-09-20 22:48:44.323829,3244436.21,66224.28,Pending
392276,967172367,856631,Sale,2024-03-20 09:51:39.426824,2681464.42,155287.44,Cancelled
509724,885969227,279359,Lease,2024-07-18 18:00:01.159424,1226278.74,58533.04,Pending
728223,390400872,161999,Sale,2024-04-13 13:10:09.206486,897732.37,45267.95,Completed
871202,404956382,745452,Lease,2024-03-15 04:03:55.953415,4604593.97,139026.47,Completed
613760,516465018,157613,Lease,2024-02-19 13:38:56.285839,1653583.83,50526.64,Pending
112388,102615923,471270,Sale,2023-09-14 11:26:20.887552,3054366.54,149510.65,Completed
142477,614351145,644591,Sale,2023-09-03 12:47:52.047396,1901007.13,71831.96,Cancelled
452677,471108261,575535,Rent,2024-04-18 12:32:20.615408,985927.14,23028.94,Cancelled
410726,182065492,859714,Rent,2023-12-28 09:41:29.892276,4425329.57,153066.05,Cancelled
396756,262795787,724674,Rent,2023-10-17 18:22:43.346723,3122221.25,186669.73,Cancelled
651709,566470680,401941,Rent,2024-05-13 13:18:40.925234,1288717.88,31074.64,Completed
832188,878376761,914887,Sale,2023-08-22 13:07:47.764669,648069.91,27853.41,Cancelled
750319,143202493,615903,Rent,2023-10-22 07:32:11.189341,1329163.09,40160.4,Pending
627036,210162375,723500,Sale,2023-11-16 11:45:06.836936,3856175.54,132229.69,Completed
557317,318154144,281149,Rent,2024-03-22 16:50:05.052332,2879988.88,73708.63,Pending
235401,680990275,886977,Sale,2024-05-05 20:44:32.885288,1094125.38,30440.98,Cancelled
842718,278690875,103229,Lease,2024-05-10 01:57:44.102304,761856.46,16850.87,Pending
739616,985146285,723019,Sale,2023-10-26 16:49:06.838120,3122620.78,117854.38,Completed
512198,565345731,144602,Rent,2023-11-13 11:52:54.814029,1982057.82,66723.72,Completed
109046,847705279,834078,Sale,2024-01-23 03:36:50.837971,3834011.12,215785.27,Pending
929395,708519373,497712,Sale,2023-11-16 10:00:44.930633,2027435.42,114465.46,Cancelled
938558,362337084,266013,Rent,2024-02-27 11:07:44.672071,4709909.43,203309.06,Completed
414760,845232282,177610,Rent,2023-08-25 22:59:03.920240,3943726.32,100754.12,Completed
913565,767968211,729206,Rent,2023-12-05 05:55:48.365012,2449046.87,87397.23,Cancelled
861450,171848630,132334,Rent,2024-02-05 19:09:37.801959,1491696.63,43995.72,Completed
769357,460308040,171297,Rent,2023-10-30 08:45:16.999742,3079304.92,135253.74,Cancelled
837614,397325442,748559,Sale,2024-03-23 22:07:14.718584,956808.91,48881.55,Cancelled
433968,937871300,614479,Sale,2023-08-14 15:06:31.067270,3713072.08,157078.18,Pending
516311,377595135,285887,Lease,2024-02-19 04:18:29.579779,266125.9,6886.52,Pending
697751,839730251,536881,Sale,2023-10-30 03:42:44.940579,1669718.95,39385.15,Pending
654392,235657124,985314,Sale,2024-06-25 19:37:17.996905,4023827.48,144359.91,Cancelled
183880,138123109,674870,Rent,2024-01-08 21:13:42.167084,2999787.53,67519.38,Cancelled
106415,876708873,368959,Rent,2024-05-28 06:19:12.941330,4092679.78,195961.43,Pending
195171,984472990,966401,Rent,2024-07-03 14:27:28.051970,2103999.15,102710.25,Completed
296880,944697569,295556,Rent,2023-12-27 12:33:00.575697,3979984.86,199356.37,Pending
514478,253305443,382624,Lease,2024-05-10 15:35:00.915080,1504613.87,54966.41,Cancelled
900425,655460620,626495,Rent,2024-03-12 15:41:42.973120,809314.28,16979.76,Pending
529124,925768179,471899,Sale,2024-02-09 17:17:07.863156,1657879.02,36977.89,Completed
179565,509188545,632409,Rent,2023-09-20 09:26:18.129214,2142326.72,124761.88,Completed
500008,798286425,737714,Lease,2024-04-10 16:25:34.628447,812359.4,40300.58,Pending
924043,893386743,522639,Rent,2024-05-20 19:59:19.786907,2057330.43,117329.02,Pending
770600,354181908,198995,Sale,2024-07-19 16:48:17.883715,3648638.38,119083.46,Cancelled
416792,576155358,515193,Sale,2024-06-07 08:51:31.946181,805013.6,28288.13,Pending
949008,668451251,546246,Rent,2024-07-05 10:29:43.094467,235169.63,12702.63,Cancelled
574054,614842180,496140,Rent,2024-03-18 23:07:32.745074,2296750.36,54255.01,Completed
349250,541101536,844037,Sale,2023-09-19 03:55:09.499731,3300969.59,71474.33,Pending
490789,167029385,753376,Rent,2024-05-25 06:32:11.196883,1855188.2,85320.4,Cancelled
447602,168306810,550153,Lease,2024-02-13 21:05:36.372183,659380.59,38010.96,Completed
280705,810577747,144020,Lease,2023-10-01 19:33:21.319856,4763754.54,221324.11,Cancelled
250776,827062561,778615,Lease,2024-02-12 21:55:00.485986,1555271.52,33343.87,Pending
808744,829735460,377203,Lease,2023-12-27 13:31:38.630253,1726628.56,50914.77,Pending
648767,740034486,115368,Lease,2024-08-03 04:26:38.859911,4356198.28,167052.25,Cancelled
955079,548610758,800061,Lease,2024-01-01 12:39:22.213531,134449.5,3772.9,Completed
262937,532532915,808824,Rent,2024-04-12 11:50:25.451736,2889424.1,111543.86,Cancelled
707612,595944005,587772,Sale,2023-12-05 18:22:59.106233,2307245.77,103486.05,Completed
292429,339715955,492085,Lease,2023-12-17 07:31:29.950397,4354103.55,203010.15,Pending
402432,708858775,389948,Lease,2024-01-30 22:22:48.168083,1905658.2,104599.47,Pending
722278,780025631,206835,Lease,2024-01-08 05:48:30.215921,4470729.89,150240.66,Completed
596641,482806985,508318,Lease,2023-10-21 10:35:03.764985,780346.77,20039.26,Completed
987487,800325147,157307,Sale,2024-02-11 21:17:02.847443,1572416.81,59282.72,Pending
487318,216936016,834078,Lease,2024-05-25 21:17:07.588173,4244284.06,199207.43,Completed
227419,217141048,980993,Rent,2024-03-03 16:38:06.137906,2751441.06,76521.24,Completed
716221,910739193,724674,Lease,2023-11-05 06:12:58.338440,201517.43,11246.49,Pending
251790,775737129,229641,Lease,2023-12-10 08:36:20.467012,1856953.42,70274.57,Cancelled
146978,815727402,885294,Lease,2023-09-27 21:52:54.098773,4915913.72,161845.51,Completed
154869,560567602,887380,Sale,2023-11-11 04:01:19.110985,4899276.56,240497.43,Pending
784119,803229797,696327,Rent,2024-03-01 21:50:56.289222,301338.43,15350.54,Pending
570361,587221721,842057,Rent,2024-02-05 05:30:35.340627,3729479.14,150358.73,Pending
858191,734143385,128739,Sale,2023-09-26 06:17:56.398775,840017.99,21550.36,Completed
889175,182065492,708270,Sale,2023-08-29 23:20:27.713018,1906785.82,79455.86,Cancelled
359024,985146285,339147,Rent,2024-03-29 05:36:03.184802,3029409.61,93927.17,Cancelled
359672,195313922,281149,Lease,2023-09-10 17:56:28.498817,2015322.96,59041.48,Pending
219180,945491741,435843,Rent,2023-09-22 17:56:59.871863,1515080.54,45851.57,Cancelled
698169,210487291,874692,Sale,2023-08-17 03:53:30.280523,1441657.15,41229.96,Cancelled
109857,708519373,674870,Sale,2023-08-12 08:13:47.950890,3636272.6,184858.86,Pending
754727,789954715,604105,Rent,2024-06-27 09:24:21.518313,584548.73,19916.22,Cancelled
958183,930584841,210101,Rent,2024-05-07 17:03:44.141966,3892296.56,212262.9,Pending
550882,806664173,615357,Rent,2024-04-06 05:00:50.888987,198558.08,5131.42,Pending
324643,355502380,612708,Rent,2023-08-11 03:01:45.971701,2851286.17,143462.92,Cancelled
762799,673400261,895495,Sale,2024-06-02 17:48:59.229946,3672645.01,159284.96,Cancelled
147674,227213141,654275,Rent,2023-09-08 09:47:42.696896,2759327.04,111269.24,Cancelled
433281,336924400,224912,Rent,2024-01-17 08:00:30.005685,4511348.05,155541.26,Pending
994656,576689595,984047,Rent,2024-02-17 17:34:31.735009,153679.39,4881.6,Pending
538573,148705492,945673,Lease,2024-02-17 23:39:32.876935,1895178.58,58465.9,Cancelled
981832,921893586,628611,Lease,2024-01-17 02:37:02.959938,2406168.63,77905.28,Cancelled
335682,347474654,942057,Rent,2023-11-17 17:47:24.171899,2414044.14,105063.52,Cancelled
616309,659148705,635962,Sale,2023-08-31 22:12:54.847671,2659050.25,130774.59,Cancelled
971535,627250072,253677,Rent,2024-02-11 08:21:28.666748,4563917.75,259026.66,Completed
858040,981256509,165879,Rent,2024-06-11 05:42:22.661659,2167026.28,51714.08,Pending
787535,845232282,994629,Lease,2024-01-24 12:43:36.430419,280423.77,7308.19,Completed
233457,452035630,876494,Rent,2023-11-22 16:12:45.415702,1417603.23,54691.78,Completed
327631,541101536,411583,Rent,2024-05-26 01:30:40.442945,4924332.24,109390.04,Completed
579482,404956382,138611,Lease,2023-11-20 08:02:52.302794,290860.15,10617.59,Cancelled
347268,222417991,766336,Lease,2024-04-30 18:34:55.063657,2985749.46,66910.65,Pending
727917,971757794,971402,Lease,2024-06-21 01:57:08.383972,2251057.06,90480.62,Completed
257910,517752008,190238,Sale,2024-07-08 05:03:10.800681,4553775.52,166701.4,Cancelled
756429,468984105,759782,Rent,2023-11-26 07:08:06.111198,604114.56,28334.22,Completed
980962,946171338,823990,Rent,2023-11-24 17:17:17.301217,338537.16,18276.01,Completed
328346,952153351,860649,Rent,2023-09-02 22:22:41.097867,4002641.18,122830.26,Pending
399374,741494051,874095,Sale,2023-09-18 12:25:42.651729,3415697.05,192896.14,Pending
726990,565345731,312717,Sale,2023-08-12 22:21:12.132279,1105223.03,64050.69,Completed
918995,864888814,107978,Rent,2024-06-10 10:51:58.065376,3157426.38,138884.27,Completed
818067,921893586,394161,Lease,2024-05-25 08:59:40.013317,4493469.46,228224.05,Pending
327302,622237297,911488,Sale,2024-01-07 18:29:40.320114,598946.2,21655.08,Completed
609343,800979787,244419,Lease,2024-07-30 03:14:05.274647,1015481.64,20569.51,Cancelled
251385,507721481,318036,Rent,2023-12-08 20:19:42.497901,2640839.99,138167.67,Pending
493792,907115469,492009,Sale,2024-05-30 12:43:14.358696,3696738.06,91070.42,Pending
493318,687777132,740672,Rent,2024-06-03 11:50:44.213752,2758946.72,82197.61,Pending
238337,790075027,834236,Lease,2023-09-04 05:28:47.904653,2688755.43,59461.5,Cancelled
445953,875478919,614479,Lease,2023-10-06 11:29:39.621748,2604797.19,132522.53,Pending
132798,989397856,984261,Rent,2023-09-15 08:36:07.855438,1018375.34,43554.97,Cancelled
233403,885969227,886977,Lease,2023-09-21 17:07:39.346656,4001997.17,124464.55,Pending
165766,595469220,799606,Rent,2024-04-09 18:42:10.419193,3648105.07,79849.83,Cancelled
763894,216936016,961774,Sale,2024-04-03 22:50:57.119708,3169753.86,89742.67,Pending
471984,746407348,865127,Sale,2024-02-15 05:40:27.803468,3965831.38,182930.77,Completed
216322,365138168,884756,Rent,2024-05-25 12:16:48.270545,4286169.18,231364.06,Pending
694312,390400872,566351,Lease,2024-01-22 03:55:01.668711,1619220.45,65848.52,Cancelled
636010,235657124,270969,Sale,2024-04-19 00:29:53.018436,3146481.81,71865.32,Cancelled
634615,367733240,588532,Rent,2023-10-16 12:37:25.825104,3211261.93,110262.54,Pending
922809,116761281,332794,Lease,2023-10-03 19:18:32.064440,3373488.56,76941.18,Completed
418377,606321861,429015,Rent,2024-05-22 16:41:57.214281,3608774.8,137452.22,Pending
158035,276827620,834236,Rent,2023-12-09 01:21:36.379229,4609618.05,194750.24,Completed
295105,510154321,778508,Sale,2023-08-15 23:19:03.699192,2833506.57,162988.42,Cancelled
642835,327668065,596816,Lease,2024-07-02 12:58:11.174316,1583116.46,59207.58,Completed
431894,816204718,401941,Sale,2024-01-17 19:29:42.189589,2721714.78,156511.25,Completed
573839,134279195,644482,Sale,2024-03-05 21:07:21.239577,1174849.98,56803.13,Cancelled
516619,558091175,855862,Rent,2023-12-19 08:47:26.310755,2351935.63,119000.54,Pending
704871,627250072,169379,Rent,2024-03-19 01:38:55.199549,3304119.67,147549.48,Pending
570034,429656546,375607,Sale,2023-11-25 06:18:39.197535,1807511.8,61413.15,Pending
738151,598284453,766336,Lease,2023-09-12 12:57:25.030602,2622300.7,63910.0,Completed
125353,767320573,618508,Sale,2023-08-07 13:38:16.679384,2100844.18,62698.83,Cancelled
242417,663076025,680467,Sale,2024-05-09 13:20:31.625427,813729.71,43372.8,Completed
676466,988464331,161999,Rent,2024-03-30 12:06:49.188201,3538245.65,131876.16,Pending
425211,148705492,190238,Sale,2023-09-29 22:06:04.243236,1061152.94,58989.89,Cancelled
841648,634420672,613616,Sale,2024-01-09 16:40:14.078817,4895221.79,104584.87,Completed
233522,522297232,767393,Lease,2023-12-16 19:02:54.206130,1337973.19,51451.57,Pending
102008,708260648,229641,Sale,2024-05-08 21:14:55.724022,4014001.6,199161.8,Cancelled
823472,716835540,556296,Rent,2024-07-28 02:12:43.616802,1574648.72,80456.29,Pending
329106,445280337,704333,Lease,2023-11-22 09:27:26.427502,2307197.25,107550.25,Pending
309800,238107626,518625,Sale,2023-09-26 02:07:44.038272,4465781.47,200618.17,Completed
733444,665215591,676106,Lease,2024-02-23 23:04:11.156754,4598670.75,204251.42,Pending
958373,281473181,708518,Sale,2024-03-11 05:46:31.913318,4166581.48,161961.99,Pending
793689,925768179,372902,Rent,2024-01-17 00:51:55.052047,4584504.41,96963.29,Cancelled
337932,216936016,863132,Sale,2024-08-04 07:44:32.266356,329946.21,19613.6,Cancelled
708753,663076025,950242,Lease,2023-09-25 12:19:34.441576,2473615.52,55768.27,Completed
361025,475395060,177610,Rent,2024-02-06 16:42:54.204435,3916569.01,216502.78,Cancelled
371467,529183998,577549,Rent,2024-04-18 07:32:31.446107,1658344.54,97344.52,Pending
251466,766189434,449739,Lease,2024-06-03 09:24:53.657545,2370181.73,117028.56,Pending
813933,763605519,762294,Sale,2024-01-06 10:08:00.641690,1901138.81,79979.87,Cancelled
130303,452035630,833978,Lease,2024-03-29 11:35:00.833838,716279.73,16443.42,Completed
633320,405750712,670047,Sale,2024-08-04 00:09:37.056338,3824816.91,128025.67,Completed
858041,262830488,315160,Rent,2024-03-27 13:10:22.194420,4999956.32,268493.19,Completed
103782,182065492,301965,Rent,2023-09-12 22:27:53.371183,4965031.96,169709.47,Completed
698802,959940610,211495,Rent,2023-11-05 03:06:57.321987,780045.3,25886.59,Pending
237305,278690875,614479,Lease,2024-02-25 20:11:01.055349,1493275.49,53191.8,Pending
753647,875478919,984047,Sale,2023-10-24 19:51:55.501162,3708248.82,200215.48,Cancelled
140038,648144239,860649,Sale,2024-04-22 05:14:35.308858,2703625.73,123674.58,Completed
124605,103874377,873437,Sale,2023-12-13 07:00:17.828958,4295194.58,228102.06,Cancelled
418972,892872807,871515,Sale,2024-01-08 06:08:33.936624,846197.26,24580.1,Cancelled
616454,711037290,375479,Lease,2023-12-21 00:31:28.410100,810644.16,17402.41,Pending
797342,355502380,125246,Rent,2023-11-30 15:40:37.525798,1829849.59,57354.3,Completed
667331,281473181,897599,Lease,2024-04-01 00:53:51.602040,2868070.21,118169.03,Completed
231269,839730251,407086,Lease,2023-09-20 06:07:01.097836,4483926.88,99602.94,Completed
334055,770828798,469522,Rent,2024-06-11 08:38:56.077201,346108.73,7484.04,Pending
604776,875565995,635365,Sale,2024-02-17 10:32:45.401587,4488606.34,168315.21,Pending
227579,276915123,712603,Sale,2023-08-21 14:57:58.279532,2825298.86,56691.21,Completed
590275,945986362,726644,Rent,2024-06-21 06:42:01.648920,1810991.33,81956.78,Pending
991624,571249258,977618,Rent,2024-05-29 02:56:10.395996,4921931.0,244922.48,Cancelled
854570,554289882,704333,Rent,2024-03-12 17:01:18.154305,4472919.29,250136.78,Pending
495331,853164371,388911,Rent,2024-06-29 07:07:38.094654,2811013.53,75458.95,Completed
574440,668590880,237264,Sale,2024-03-16 11:05:53.330410,2613379.13,151781.97,Cancelled
968441,339180430,209491,Sale,2023-10-05 16:37:35.115756,3386756.8,186996.1,Pending
970342,790954763,770312,Lease,2024-07-12 15:38:08.219953,3468782.86,202838.41,Completed
133548,414774382,900798,Sale,2023-09-18 06:29:16.081561,3192477.15,168373.84,Completed
411814,757181085,519633,Rent,2024-05-14 19:45:11.696095,1321783.25,50976.54,Cancelled
334319,889211418,171297,Sale,2024-07-11 15:54:18.399991,2420006.19,96479.76,Cancelled
615924,357046629,219184,Rent,2023-08-23 04:41:54.729932,2845785.14,150793.69,Cancelled
861581,364016582,414430,Sale,2024-07-03 21:24:41.291087,4806305.56,199498.79,Pending
526986,208837266,489483,Lease,2023-11-13 17:48:22.508642,329923.35,16758.26,Pending
316927,915570343,489518,Rent,2024-04-14 17:07:24.077569,2347925.12,64891.69,Pending
514419,398315414,402228,Sale,2024-05-15 23:56:30.906134,2120304.62,61805.78,Completed
674509,875565995,486456,Sale,2024-03-07 20:50:31.248539,1121141.65,44731.01,Completed
115221,144181465,607042,Lease,2024-03-01 11:43:11.221948,3518385.76,207856.26,Pending
553048,981723595,644858,Sale,2024-07-04 08:27:08.537579,3347920.77,132771.99,Completed
771988,889246169,363410,Rent,2024-04-09 03:16:37.510429,1411665.56,59752.54,Pending
609457,474531565,739128,Lease,2023-11-12 20:36:53.728613,334019.98,11306.69,Cancelled
571078,528276679,295556,Rent,2024-05-30 21:37:42.306616,1203836.1,61200.16,Cancelled
353066,770828798,789536,Rent,2024-06-02 08:11:26.220564,3418356.91,104025.34,Pending
209633,713902416,217715,Rent,2024-06-19 02:52:35.270902,3314289.58,197877.03,Completed
753257,200543365,454694,Sale,2023-08-27 19:29:46.515613,116979.58,6199.25,Completed
409620,739517994,653176,Sale,2024-06-10 16:55:09.493322,1145447.45,47981.35,Pending
374054,511090692,602440,Sale,2023-09-08 18:35:04.287394,4459381.39,226998.71,Cancelled
186141,916836984,572611,Lease,2023-10-01 10:04:17.033547,1769247.66,42343.2,Pending
637491,497242842,697419,Rent,2023-12-06 15:21:43.927429,587317.03,21863.47,Cancelled
303222,790075027,917253,Sale,2024-01-24 18:21:15.785828,1602827.5,48501.21,Pending
725800,257918796,644482,Rent,2023-11-25 04:43:12.664870,3544563.09,155754.08,Cancelled
774017,764035371,193291,Lease,2023-11-12 20:10:46.293084,3797214.78,150269.61,Pending
718206,675298572,498667,Sale,2024-06-07 09:24:01.957503,3171702.32,139392.65,Cancelled
445083,849308314,266393,Lease,2023-11-13 22:01:15.169620,2296430.73,100864.02,Cancelled
546477,242324735,279359,Lease,2023-12-14 10:45:16.912465,4402234.18,144163.03,Pending
273538,603906887,510848,Rent,2024-03-14 08:21:16.356493,1178348.82,61321.72,Completed
988173,757504317,176522,Rent,2024-04-09 09:57:30.914617,1623986.85,37471.93,Cancelled
761106,875478919,928893,Rent,2023-12-09 06:04:03.085425,1426205.04,48960.23,Completed
243022,385941697,650533,Rent,2023-08-19 11:51:40.235428,4733269.19,134015.28,Cancelled
172409,166812050,463755,Rent,2023-10-28 04:32:55.354152,903392.56,37422.86,Completed
164659,548610758,553439,Sale,2023-11-24 01:49:37.494761,4978100.4,188916.99,Completed
362156,439743990,915334,Sale,2023-10-25 19:08:50.868818,154463.13,5259.71,Pending
685518,665228631,606127,Rent,2023-09-27 13:45:44.660760,3474355.95,203948.49,Cancelled
881757,306356335,566208,Rent,2024-06-15 00:41:19.016702,2371100.8,60230.51,Completed
400534,489685864,917253,Rent,2024-01-09 14:35:56.500612,1973530.16,112791.11,Pending
196644,952153351,182527,Rent,2023-10-22 05:54:57.371885,4557269.07,117888.94,Completed
674418,143378769,584244,Sale,2024-07-03 19:10:33.749922,2109401.12,43458.98,Completed
759217,903510952,370843,Sale,2024-07-12 04:15:19.207037,3254362.46,169710.56,Pending
551641,468444462,570094,Rent,2023-08-19 13:04:35.255657,969256.71,52352.51,Pending
820723,875066850,163828,Lease,2024-05-25 01:17:10.446904,4167298.29,146014.05,Completed
946327,899061137,983938,Rent,2024-05-25 03:20:25.101623,804881.89,37339.5,Pending
294833,302487179,685811,Rent,2023-08-19 21:23:31.117348,2033572.23,70847.36,Cancelled
298347,227213141,652287,Sale,2024-01-19 20:52:50.139264,665743.18,26967.04,Pending
368278,586099820,956323,Sale,2024-06-21 08:46:16.009589,2063898.61,52896.56,Cancelled
465990,131373265,941497,Lease,2024-01-30 20:45:26.240587,2598168.65,98785.36,Cancelled
442906,144516945,983938,Rent,2024-03-06 13:33:01.983537,859427.19,31642.97,Cancelled
349363,443378667,618807,Sale,2024-08-02 16:39:15.725891,3277792.8,164981.44,Pending
669366,123645610,944355,Sale,2023-11-05 22:36:18.376804,4739188.93,218764.43,Completed
866495,182065492,823990,Lease,2024-03-08 10:57:06.497284,1763817.73,65526.03,Cancelled
371683,863399995,871515,Sale,2024-04-14 08:02:06.205105,2527548.44,134062.44,Completed
712953,128922661,152136,Lease,2024-02-16 11:02:53.385568,4195823.6,155521.03,Pending
319372,712148430,173036,Lease,2024-01-16 16:50:18.656860,2068282.05,88138.2,Completed
521925,856699431,310150,Lease,2024-04-14 17:08:57.525347,1629171.78,56252.16,Completed
180245,489572473,253677,Lease,2023-08-10 09:36:50.282341,3662436.34,130830.52,Cancelled
464189,937075737,753376,Sale,2023-10-25 01:05:45.132086,366926.91,15393.51,Pending
480104,835761474,503493,Rent,2023-12-15 00:12:09.850806,483496.57,11141.6,Cancelled
711304,539210491,134899,Rent,2023-09-24 23:05:13.809321,1940357.74,106696.65,Cancelled
982567,389644131,416206,Sale,2024-02-09 06:50:36.020028,4448445.71,170920.47,Completed
108481,549991309,426716,Lease,2024-06-25 22:03:49.432495,3378138.32,172623.92,Cancelled
291767,676044559,331524,Rent,2024-04-03 09:17:52.512519,448291.61,20275.16,Cancelled
768000,276833638,260772,Sale,2024-01-17 10:35:16.318213,1730964.74,61609.19,Pending
134178,903510952,128739,Lease,2023-10-04 20:56:09.836732,4177838.59,181858.3,Cancelled
614786,858735908,963470,Rent,2023-10-19 08:05:56.818562,3004093.38,119245.09,Completed
860813,818710002,914887,Sale,2024-03-06 15:14:10.804443,171858.59,5518.75,Completed
773072,661196806,382624,Rent,2024-04-15 05:28:14.675744,3031156.42,133196.39,Cancelled
890331,876708873,339857,Sale,2024-01-19 08:35:02.056772,3926019.62,79192.56,Pending
523324,525662609,179986,Sale,2024-07-17 06:44:17.986095,2883435.48,70243.03,Completed
708051,827546710,618377,Sale,2023-10-19 10:36:48.035725,3757920.9,150655.89,Completed
578281,482806985,152738,Sale,2023-08-06 04:40:05.664874,3312903.72,67978.09,Pending
638687,583557203,980127,Rent,2023-10-24 11:09:44.419039,1620112.33,43212.29,Pending
391157,167029385,495022,Rent,2024-06-17 08:12:35.515643,4417069.11,244208.91,Completed
407715,891679017,810456,Rent,2024-05-30 20:13:48.963355,3907237.5,159802.08,Pending
163197,136507170,373449,Rent,2024-04-23 09:58:39.091804,3282746.94,167813.97,Pending
938789,522062706,771841,Lease,2023-10-15 16:19:57.697971,4731149.19,120233.88,Completed
690068,460308040,279353,Rent,2024-05-19 23:16:23.987134,745552.63,31575.87,Completed
857600,955476709,455888,Sale,2024-01-10 01:59:23.426513,1919445.51,103837.33,Pending
300415,144080904,988232,Rent,2024-07-18 22:45:34.926489,1798936.12,67169.72,Cancelled
829620,739482662,279353,Lease,2024-01-19 21:13:09.484313,4493990.36,226783.82,Pending
676898,608381254,575535,Rent,2023-08-23 08:57:08.587021,2452791.71,57845.43,Completed
895537,192119059,125303,Sale,2023-11-25 22:28:48.930765,4033523.67,173183.92,Pending
459390,120302028,769263,Lease,2023-10-21 15:36:37.932410,2566278.82,152457.58,Pending
316388,253401502,812776,Lease,2023-09-02 10:01:22.005656,1818014.35,47006.82,Completed
137011,985200314,662200,Lease,2024-06-07 23:34:44.176170,774687.51,18322.95,Pending
755400,387308308,295556,Lease,2023-12-31 10:56:42.016062,4033777.16,216243.91,Cancelled
265921,473062947,570422,Sale,2024-05-12 21:06:51.544206,2138306.53,115103.13,Pending
814647,358836519,503046,Sale,2023-09-20 16:52:52.763910,2069939.45,112100.89,Cancelled
282921,625569790,496140,Rent,2024-03-23 08:47:38.466636,3707782.06,75915.48,Completed
288226,991396781,571579,Sale,2024-01-15 08:34:57.400652,1144853.79,34817.04,Cancelled
401617,894302760,711817,Lease,2023-10-20 14:30:48.225853,1461831.03,51879.9,Cancelled
844868,393931568,371208,Lease,2024-05-14 15:52:07.923160,256635.61,8218.95,Cancelled
640317,314309121,724567,Sale,2024-03-26 16:23:01.115400,623740.35,14267.44,Cancelled
421858,306879207,418404,Rent,2024-04-08 06:28:24.221848,4164366.73,93545.29,Pending
771367,565628456,254183,Rent,2024-04-22 18:45:56.746631,4048275.88,201744.43,Completed
177806,708260648,599277,Lease,2023-09-10 10:18:31.588525,4211092.52,231494.71,Cancelled
727598,460308040,607042,Sale,2023-09-30 10:48:09.827617,3550742.68,91408.34,Completed
631670,544047963,591427,Rent,2023-10-06 23:49:56.529313,4291961.45,152216.35,Pending
726422,893176268,323406,Lease,2024-06-05 13:48:18.985373,290560.27,8772.21,Pending
378162,180243391,624860,Lease,2024-01-05 02:34:10.242345,3074391.7,86172.49,Pending
942974,222877903,670047,Sale,2023-09-07 10:43:58.419144,607034.21,30756.34,Cancelled
118705,649865920,977618,Rent,2024-04-06 03:15:44.222281,1103473.86,32986.32,Pending
336743,937871300,431288,Sale,2023-09-09 02:01:50.529032,830441.25,41154.19,Completed
353753,831664521,302790,Sale,2024-04-29 07:39:49.027012,3526063.47,156516.82,Cancelled
481592,468984105,171297,Rent,2024-06-19 02:33:04.336235,2861408.85,97963.47,Pending
490361,860752240,564188,Rent,2023-10-30 23:26:34.632785,1955893.16,93550.15,Completed
366798,169892785,704333,Sale,2024-04-21 14:06:01.250788,3477704.49,73505.03,Cancelled
549752,543725496,187888,Rent,2024-05-14 16:04:16.635883,3094441.28,91393.37,Pending
119070,744364421,152136,Lease,2024-01-09 16:41:36.308400,1234650.92,50587.89,Completed
617606,587221721,995245,Rent,2024-05-26 12:18:27.234681,973865.97,44900.76,Completed
997110,398315414,827425,Rent,2024-06-14 21:14:09.746152,3871217.67,187119.9,Cancelled
560229,889285795,738958,Sale,2024-04-02 14:27:41.206900,2425297.29,131196.8,Pending
635402,302487179,732868,Rent,2024-06-02 11:50:34.476226,4278465.89,99180.59,Pending
446969,712148430,723500,Rent,2023-11-01 00:21:05.757829,3867704.69,139871.1,Completed
346136,318154144,881755,Sale,2024-05-23 00:42:30.293713,142940.41,7479.74,Cancelled
885852,460249529,577549,Rent,2024-05-05 23:24:16.815433,4807010.88,217390.93,Pending
909892,757181085,130230,Rent,2023-09-13 09:03:09.914068,645009.82,14244.72,Pending
380179,202642112,165755,Rent,2024-04-22 23:46:52.269063,3628909.99,157787.01,Cancelled
841203,398965518,645397,Sale,2023-11-12 23:30:34.998125,2387047.47,59838.24,Cancelled
896722,427353304,729206,Lease,2024-07-14 02:50:37.374444,4207503.63,144240.01,Pending
355689,360279276,364865,Rent,2024-08-02 07:16:03.746785,3749081.97,104097.75,Completed
757897,856699431,563224,Rent,2023-10-09 06:37:49.934226,2288033.93,77354.64,Pending
955578,123012896,327743,Sale,2024-03-08 15:58:40.912609,4357910.03,183152.74,Pending
730823,339467670,285939,Sale,2024-03-26 17:53:42.149232,878330.87,17995.41,Pending
868419,150046261,371208,Rent,2023-08-29 01:30:12.625069,2289466.19,104624.86,Pending
142885,307304171,537756,Rent,2024-05-26 10:12:05.618169,2095504.77,48058.19,Completed
931341,652618522,990499,Lease,2024-02-17 19:02:08.160640,1083661.87,61950.89,Pending
279916,200364042,804661,Rent,2023-11-06 21:01:32.522904,2447250.06,75696.72,Pending
272502,548558453,163828,Lease,2024-04-25 02:54:07.151407,3507037.52,125573.58,Pending
951473,296538206,119144,Rent,2023-08-09 23:35:36.313193,215849.49,5298.32,Completed
117219,422189648,461961,Sale,2023-12-18 07:45:00.159049,1902463.06,39845.87,Completed
146518,977707439,928893,Lease,2024-06-09 15:06:06.074451,1715682.63,85826.56,Pending
978725,894465169,774720,Rent,2023-11-15 08:50:06.148008,415405.92,10691.55,Pending
105999,358607946,686491,Rent,2024-04-15 05:27:27.977033,3104883.36,142412.99,Pending
751703,952153351,162550,Sale,2023-09-30 15:39:01.685922,1446265.54,34778.64,Cancelled
825949,582496546,297235,Rent,2024-07-04 19:12:55.247986,3159400.82,99976.43,Pending
829555,256830555,566208,Lease,2024-02-08 22:19:01.304921,2114617.29,113501.12,Completed
454089,528088708,357770,Rent,2024-03-09 22:52:25.044083,4606006.88,242997.53,Completed
506126,977089428,737292,Lease,2023-09-14 00:11:50.864087,3543226.4,158963.55,Pending
153606,554289882,602537,Sale,2023-12-18 16:24:32.426738,3461455.43,127475.34,Pending
153441,990983424,607042,Rent,2024-05-27 02:16:53.961652,3828528.66,193914.01,Completed
237661,265608636,553429,Rent,2023-12-29 06:21:07.818678,3571493.98,123989.15,Completed
871582,894465169,856631,Rent,2024-02-09 10:56:17.558396,4129221.82,206010.62,Completed
350039,831920106,766512,Rent,2024-01-31 07:17:06.664350,1330433.85,33130.2,Pending
403113,992953139,572999,Sale,2024-05-08 16:14:47.690093,3593397.83,175848.04,Pending
983230,924228416,977618,Lease,2023-10-24 14:37:33.809507,546155.68,19798.7,Pending
916985,722262097,624860,Lease,2024-02-19 11:27:39.694801,4025667.78,151796.19,Cancelled
859021,171560727,222853,Rent,2024-07-30 03:59:16.508146,1342563.4,48371.11,Pending
542949,946171338,247691,Rent,2023-10-07 22:11:03.705839,4371308.11,248739.09,Pending
288154,722884143,635962,Rent,2023-08-28 22:32:48.762375,194287.43,11195.17,Pending
562835,290760681,644482,Rent,2024-05-23 02:54:46.982824,1589256.88,43285.03,Pending
369537,400888846,717292,Sale,2024-05-03 07:25:19.742394,4799963.26,104194.11,Completed
164919,815727402,244419,Rent,2023-09-11 14:28:48.153565,2679546.92,105092.56,Completed
954379,124627336,823990,Sale,2023-10-05 18:05:11.124153,3405105.49,103422.1,Completed
537879,898633478,632870,Rent,2024-06-02 05:23:58.574091,958388.67,38017.82,Completed
976578,392079227,349047,Lease,2023-08-16 16:31:31.917233,1071656.65,56085.24,Pending
406997,659397389,616815,Lease,2023-10-02 23:09:04.201997,1470365.52,72138.28,Pending
454588,544213299,364941,Sale,2024-07-25 07:41:23.409367,2818554.81,78754.09,Cancelled
772266,541101536,907006,Rent,2023-11-14 18:53:25.390305,2363270.62,49707.71,Cancelled
459210,604801285,774720,Lease,2024-05-11 20:31:10.302528,3559223.41,189543.72,Cancelled
427107,539313294,921682,Rent,2023-08-16 18:07:57.878939,2697342.3,138305.78,Cancelled
414235,460672984,403806,Sale,2023-10-14 14:50:00.337283,341104.35,17661.1,Completed
616168,231757432,354522,Sale,2024-04-28 16:45:10.439296,1721164.72,59184.33,Cancelled
843417,816235652,837816,Lease,2023-08-25 09:32:32.797001,4648879.93,131297.81,Cancelled
133005,598284453,851876,Sale,2023-11-30 23:28:36.145784,3666479.78,111965.34,Cancelled
935684,516465018,383322,Sale,2024-04-01 17:31:09.018136,997030.04,34109.45,Completed
643967,100555564,131213,Sale,2023-10-17 04:33:56.315857,4507693.24,214266.73,Cancelled
378840,930584841,510314,Rent,2023-10-24 11:25:07.866592,1885084.96,58769.97,Completed
404308,965470228,901124,Sale,2024-06-26 05:48:50.415340,4027432.28,173760.43,Completed
949769,339960627,377378,Rent,2023-09-12 03:39:15.019906,1574649.8,43884.46,Cancelled
934828,398965518,599749,Rent,2024-06-02 21:32:59.864867,3431869.61,180855.82,Completed
561862,767320573,656570,Sale,2024-01-22 15:42:21.916176,533859.28,31111.86,Completed
653955,114240143,356508,Lease,2023-11-23 19:26:44.140074,1575665.48,68338.39,Pending
171291,339180430,646895,Rent,2024-03-11 02:06:52.452882,3639181.17,106356.8,Pending
957092,276359823,522639,Rent,2023-10-07 07:13:17.992754,2110946.28,73855.6,Completed
911947,652618522,424092,Rent,2024-01-17 19:04:12.758100,3825734.59,174243.05,Pending
283368,657776500,330173,Lease,2024-04-28 06:18:54.449784,3394597.1,127848.57,Pending
446284,544047963,922392,Lease,2024-04-06 12:46:46.647764,963555.13,19689.62,Cancelled
189170,155949123,117594,Rent,2023-08-24 03:51:59.303946,4969858.91,264513.4,Cancelled
508008,165885343,511720,Sale,2024-07-03 09:10:18.724817,3429524.65,104427.66,Completed
587100,971757794,765226,Rent,2024-06-19 07:21:12.207540,2309208.59,126721.8,Cancelled
932828,870974398,424092,Sale,2023-09-12 03:54:17.891602,4128977.52,84033.16,Cancelled
287672,586099820,745897,Lease,2024-05-23 13:28:28.683314,3919489.45,142272.52,Completed
503532,235657124,454694,Sale,2024-03-20 10:31:52.578341,3715626.99,104335.98,Pending
867380,946744051,950242,Lease,2024-07-02 14:59:21.779579,1250463.51,51163.33,Cancelled
725789,924202384,609316,Lease,2023-10-01 13:23:34.255702,3502405.7,77261.51,Pending
645805,274990319,190127,Lease,2024-06-15 20:44:01.051820,3389848.85,195636.87,Pending
502048,858735908,224525,Rent,2023-10-24 07:28:12.481026,3991022.73,144498.94,Pending
566309,118736786,511720,Rent,2024-05-21 02:53:04.358494,3645230.12,130964.01,Cancelled
535446,427353304,901124,Sale,2023-08-20 00:04:05.111986,4843511.62,282230.45,Pending
902823,253305443,492085,Lease,2024-01-27 11:17:34.075349,2844901.7,110905.41,Completed
619572,357064584,844878,Lease,2024-01-20 21:34:41.153991,2364325.83,74850.11,Pending
582477,227213141,529774,Sale,2023-09-14 19:52:08.343604,3108222.8,144865.8,Completed
333664,977089428,981571,Sale,2023-10-26 04:04:20.618313,4552245.24,184802.01,Pending
148225,245816063,219899,Lease,2023-11-05 19:44:41.938848,2032782.07,111780.34,Completed
835791,509323448,993052,Rent,2024-02-17 21:46:46.272202,1270967.13,43083.82,Pending
273530,754855739,372295,Rent,2023-12-28 03:26:16.267869,1711218.89,57453.43,Completed
705072,869787193,854974,Lease,2023-09-27 02:15:39.832599,2152706.34,123449.52,Cancelled
170236,475395060,988232,Rent,2023-10-23 06:54:54.264047,1767932.81,105050.98,Pending
588555,886900442,247691,Rent,2023-09-18 10:11:06.481292,4717325.85,244613.91,Cancelled
534016,748066546,994928,Sale,2023-10-18 20:09:25.078205,2361318.99,98492.0,Pending
116701,510380660,168267,Rent,2023-11-09 18:20:30.388975,1917604.09,42494.85,Pending
263872,711037290,616893,Rent,2023-10-25 14:19:23.110419,3253594.28,131596.95,Pending
310866,347474654,353575,Rent,2024-07-14 17:16:05.365235,2218953.43,65512.56,Completed
905691,513541841,790206,Lease,2023-11-26 20:17:00.768891,3771134.23,114006.99,Pending
714988,138123109,301965,Lease,2024-04-27 01:58:29.155963,890979.62,29662.36,Cancelled
594311,945986362,980185,Sale,2023-12-10 21:38:30.878176,746453.64,27039.0,Completed
355155,913541791,886977,Sale,2024-01-15 19:41:10.901676,4877671.52,195264.29,Completed
900230,675632112,742227,Sale,2023-11-22 22:53:11.122282,3084334.21,122706.91,Pending
600581,875565995,700784,Sale,2024-06-15 14:24:57.040849,3692333.13,220718.17,Cancelled
509433,764035371,368959,Rent,2023-11-17 08:05:36.711955,4289966.04,117492.02,Completed
405633,182870648,915334,Sale,2023-10-17 16:02:34.168950,1104525.84,50419.8,Cancelled
872729,513541841,680467,Sale,2024-03-03 14:18:40.323388,3582398.64,151113.98,Pending
107214,189960138,349047,Sale,2023-11-03 19:17:10.078157,4425907.33,209333.07,Pending
392822,796763585,842057,Sale,2024-03-02 10:48:17.945468,3791973.97,227056.3,Cancelled
545549,210162375,603612,Rent,2023-10-13 15:27:20.204762,4128761.07,111734.0,Completed
466348,120302028,753243,Sale,2024-01-24 03:40:49.262429,4392136.2,144733.39,Completed
759945,102789802,778508,Rent,2024-01-25 03:45:41.534266,4129548.6,181574.71,Completed
201723,746557699,994928,Lease,2023-08-10 02:22:10.569474,2835992.39,69146.97,Completed
517937,290769471,696327,Rent,2024-02-09 04:39:20.344762,3736589.37,223086.21,Pending
934301,103993653,873222,Lease,2024-01-02 01:58:25.898884,3246424.47,144983.79,Completed
704408,383427753,125303,Rent,2024-04-14 01:00:42.235474,3261689.97,168953.85,Cancelled
878039,750635694,403806,Sale,2023-11-27 19:56:42.525383,1897324.69,101598.32,Pending
936186,554289882,448460,Sale,2023-08-16 08:46:02.378498,3823091.67,138087.15,Cancelled
991493,886886138,897599,Sale,2023-11-17 04:41:19.883635,3470911.15,135868.44,Pending
889577,750635694,760418,Sale,2023-10-30 05:52:43.223860,1182308.93,39314.2,Completed
923689,924424289,352075,Rent,2023-08-20 09:28:53.665511,2132588.46,47966.49,Cancelled
285224,394060753,953439,Sale,2023-10-29 02:56:38.001990,4314390.37,243379.05,Pending
709412,762597742,946704,Rent,2023-11-08 11:24:04.136357,1989989.94,45029.91,Pending
956114,393931568,627615,Lease,2023-12-23 21:21:26.302461,2382890.1,137771.9,Completed
391649,967172367,644858,Rent,2023-10-04 23:47:57.033221,1663441.86,59353.99,Completed
744470,307304171,535014,Rent,2024-05-29 01:15:52.198658,3705002.22,152734.94,Cancelled
908457,973653590,540077,Lease,2023-10-25 19:27:43.968523,105169.83,2813.71,Pending
929359,150046261,804764,Sale,2023-12-24 10:05:20.897934,2144229.69,93879.31,Completed
361838,849308314,222339,Sale,2024-02-20 04:35:41.540451,1697674.25,87427.65,Pending
958193,201654081,650533,Sale,2023-08-20 22:34:49.442204,998719.85,49265.38,Cancelled
283773,549991309,695725,Lease,2023-12-06 13:50:55.196588,1102631.93,58524.17,Cancelled
343703,336782876,356508,Lease,2024-03-14 16:06:07.608879,4288972.19,178487.23,Completed
335472,253548878,216245,Rent,2023-11-10 11:40:02.601602,1893671.54,92186.61,Cancelled
776423,665228631,457452,Rent,2023-12-23 13:16:54.744159,2911200.55,159927.74,Pending
284652,627889101,482292,Lease,2024-04-26 20:37:58.664303,3440938.34,140146.83,Cancelled
217442,655460620,656570,Sale,2024-03-31 00:41:08.560627,1944203.7,75820.84,Pending
379599,980311891,209491,Sale,2023-11-16 10:21:10.149901,3235693.97,164709.99,Cancelled
815406,439769409,999956,Rent,2023-12-04 15:13:50.047233,2540641.51,90823.16,Completed
749047,757181085,952278,Sale,2024-01-08 02:43:55.230617,1958690.53,75878.69,Completed
469391,376996654,281149,Rent,2024-05-25 02:16:01.431258,3677878.23,89709.2,Completed
951666,946744051,622788,Sale,2024-03-14 21:07:13.621176,1933333.0,49927.88,Cancelled
544650,856699431,844878,Sale,2024-07-15 19:49:56.427854,2036852.31,121067.8,Completed
888841,807245968,295556,Rent,2024-04-26 02:08:25.302174,2425101.53,89919.87,Pending
915540,988290589,603612,Lease,2023-10-13 13:02:30.416353,883360.02,43375.86,Pending
811833,548558453,508318,Rent,2024-04-29 06:23:43.312031,923921.71,40688.57,Cancelled
369273,529183998,208222,Sale,2024-03-25 19:12:48.470059,1556777.92,71894.62,Completed
971319,608381254,627615,Sale,2024-01-13 11:44:39.290851,2391952.36,74715.96,Pending
133341,830565168,180829,Rent,2024-01-09 12:06:46.025044,4595029.14,117187.2,Completed
824238,390400872,573578,Rent,2023-10-16 14:58:49.314013,3039760.74,108576.59,Completed
791812,339960627,589647,Lease,2024-01-22 14:23:50.004806,4127725.89,225178.96,Cancelled
933176,697286685,755091,Sale,2023-11-10 11:10:31.289819,268148.99,8716.45,Completed
948133,306879207,887380,Rent,2024-06-04 09:18:52.780282,2130327.95,89173.87,Cancelled
410847,696236483,569575,Sale,2023-12-10 07:15:11.776009,2114471.26,121241.29,Completed
158548,398117086,439309,Lease,2024-01-18 21:15:19.658341,1508306.64,83871.07,Completed
684783,391022794,398122,Rent,2024-04-04 20:21:41.527620,1422777.64,78162.01,Pending
833298,796288261,571579,Lease,2023-09-19 14:38:20.017970,439949.8,19687.46,Pending
255892,649865920,508318,Sale,2023-11-05 18:01:24.816253,4978163.16,143585.85,Pending
337289,603149845,933140,Sale,2023-11-25 06:35:25.479988,3517832.88,75984.92,Pending
964800,938497817,599277,Sale,2024-04-16 06:02:56.609919,3836095.48,92581.65,Cancelled
279181,972710316,940272,Sale,2024-06-07 04:45:18.608482,2421615.5,49247.9,Cancelled
644460,166812050,431288,Sale,2024-07-03 04:34:53.261584,1807941.66,68863.43,Completed
746836,635443539,540077,Sale,2024-05-01 05:47:04.492592,4456255.04,139299.86,Completed
784196,589404096,495347,Lease,2024-06-21 21:41:51.395634,3730464.67,220980.29,Completed
766847,892872807,567961,Lease,2024-06-05 21:36:47.360766,430187.25,15428.63,Cancelled
914296,818710002,217715,Rent,2024-05-08 14:45:31.964226,903843.81,31345.18,Completed
815409,964275902,510516,Rent,2024-03-13 08:32:21.974484,2502978.95,65297.26,Completed
790298,216936016,270969,Sale,2023-10-12 16:59:56.778833,4752181.47,151084.48,Cancelled
833587,640938630,674344,Rent,2024-03-03 05:06:11.034441,1040760.51,30030.42,Pending
488638,697286685,646895,Rent,2023-09-19 18:05:43.331495,223181.38,10626.94,Cancelled
569120,532532915,354522,Rent,2024-06-24 01:14:56.882876,2813482.06,88118.71,Cancelled
436674,930584841,754278,Sale,2023-08-25 21:47:22.998804,902855.49,26128.46,Pending
215030,253305443,244419,Rent,2024-05-03 05:45:57.139442,3237051.44,128455.88,Pending
950362,162086720,949871,Rent,2023-12-23 16:52:02.612997,739502.8,22756.6,Completed
532019,172687149,179147,Rent,2024-03-03 09:26:33.546011,1972393.57,82421.73,Pending
466930,285153666,602956,Lease,2024-01-08 03:05:44.355574,4768079.35,99709.78,Completed
111241,168306810,489122,Rent,2023-12-01 05:55:57.962241,3775711.42,172567.39,Pending
748916,757504317,570422,Lease,2024-04-04 12:52:20.490287,4433972.99,117539.02,Completed
496775,339467670,644858,Lease,2024-03-10 08:46:22.540196,300846.57,11305.56,Cancelled
931773,741494051,742227,Rent,2024-03-20 03:02:47.036440,3911106.28,137902.9,Cancelled
657988,925897189,329341,Lease,2024-07-07 20:24:51.945803,545245.06,29615.16,Cancelled
567497,684946144,150589,Sale,2024-05-27 18:05:53.491345,327068.73,19353.23,Completed
340877,825699173,740672,Sale,2024-07-16 11:48:31.359372,3379356.52,175344.36,Pending
587230,529183998,543654,Lease,2023-09-15 17:16:49.159914,2525359.92,130556.35,Cancelled
812293,448628155,778615,Rent,2024-05-02 19:58:41.884514,3155847.69,70593.74,Pending
150954,966031426,213828,Rent,2024-06-24 04:00:23.662024,784042.12,24535.92,Cancelled
636953,648144239,489122,Sale,2023-10-12 05:08:55.887038,3415733.66,179388.1,Cancelled
855755,312451500,883382,Sale,2023-12-08 05:12:42.457729,2088959.73,79870.15,Completed
635346,141942593,285887,Lease,2023-12-13 13:25:44.349794,4527637.5,208311.61,Cancelled
681989,876288724,761944,Rent,2023-08-19 22:46:33.941340,3866630.77,205197.89,Pending
896944,378341180,944355,Sale,2024-05-12 17:25:39.810679,3871544.97,150448.85,Cancelled
879771,358836519,686491,Sale,2023-08-20 04:11:55.559424,1775262.13,98801.95,Cancelled
681224,497242842,769263,Lease,2024-03-11 16:10:15.952981,2003555.74,79096.39,Pending
964217,290769471,187139,Sale,2023-10-28 13:04:05.400047,4170696.86,151009.05,Completed
947197,959940610,602440,Rent,2024-03-15 01:34:05.634378,4807896.95,111015.73,Pending
490001,168306810,418404,Rent,2024-05-23 17:56:12.661320,586181.85,35102.3,Pending
526216,569935047,834145,Sale,2024-08-04 14:20:36.150508,2633886.37,138341.88,Pending
306283,582496546,739380,Lease,2023-08-21 03:33:55.569529,4766377.5,263045.62,Cancelled
496011,260261211,373831,Sale,2023-10-08 05:25:46.691193,3710345.78,173470.45,Cancelled
413676,696236483,204014,Lease,2023-12-23 10:18:09.182523,2969260.58,144687.89,Pending
698594,655460620,301965,Sale,2023-09-08 16:01:05.213917,3507264.02,182400.3,Pending
365437,800979787,662200,Sale,2024-02-02 17:47:31.092334,4746455.19,106924.01,Cancelled
738137,489572473,396238,Sale,2023-10-05 07:44:33.356696,3123009.13,98347.29,Cancelled
827216,132506217,823990,Sale,2024-07-12 23:04:19.964512,383106.35,13863.2,Pending
702379,530095761,378032,Rent,2023-11-30 09:24:06.003369,2176661.81,123485.98,Cancelled
279027,665215591,999956,Sale,2024-07-08 20:10:42.010142,4713122.87,150127.49,Completed
162444,391071493,250210,Rent,2023-11-10 09:36:05.826786,4796211.69,98693.24,Pending
312129,800979787,787623,Sale,2024-06-14 14:12:17.512080,4497617.16,132984.01,Pending
720798,713902416,307977,Lease,2023-08-20 02:41:43.140420,1332547.71,77886.11,Pending
588371,652618522,513932,Rent,2024-01-31 20:29:49.950899,4435008.22,256325.2,Pending
534758,290769471,157613,Lease,2024-02-09 10:05:20.633333,1894633.09,40435.2,Completed
825313,296909476,426701,Lease,2023-11-07 14:55:42.297732,2220834.94,69291.06,Cancelled
898027,239239446,398122,Lease,2024-06-02 00:58:40.852133,4987341.17,173781.34,Cancelled
741171,344288237,833978,Lease,2024-02-27 07:51:13.263893,3227348.69,155453.99,Completed
667159,695600501,372902,Rent,2024-03-30 18:48:40.628003,1134004.53,60998.75,Pending
203615,571249258,917253,Sale,2023-10-11 11:25:51.635322,4633877.64,277238.0,Cancelled
738359,968322958,856753,Lease,2024-05-13 09:02:57.213784,2914499.86,125911.65,Completed
503572,803229797,361008,Rent,2024-04-16 11:55:43.217640,1582527.25,42693.53,Cancelled
941359,554289882,548422,Rent,2024-06-23 14:20:10.608466,3715493.61,176229.21,Cancelled
728993,561234800,600283,Rent,2023-12-02 14:06:56.722797,1885186.61,77740.53,Cancelled
973180,976037222,377203,Lease,2023-12-08 08:43:36.809762,4540912.19,195063.06,Pending
285101,141045655,737292,Sale,2024-05-22 02:46:22.356993,143116.15,4491.96,Cancelled
493557,741329448,700252,Lease,2023-12-13 22:37:41.276518,1667260.12,38860.39,Cancelled
662041,289693060,697419,Rent,2023-11-09 16:42:17.093892,231534.3,7417.23,Completed
804085,401829420,964666,Sale,2024-03-05 09:55:11.984333,4973550.59,105794.53,Cancelled
308321,123012896,897599,Rent,2024-03-22 19:27:58.655283,1929141.82,97418.21,Cancelled
121449,578580904,556016,Rent,2024-03-27 10:57:57.708424,2951004.22,101526.31,Completed
476472,924202384,745452,Rent,2024-07-31 22:51:26.613067,806642.09,23678.49,Completed
648466,924228416,554913,Rent,2024-07-08 02:40:52.292469,4016150.67,149436.34,Pending
983215,838486712,966882,Rent,2024-02-24 16:59:25.930780,274365.63,12559.42,Completed
243410,971757794,279563,Sale,2024-04-10 05:02:50.718976,3268236.54,94074.61,Pending
623324,182065492,484591,Lease,2023-10-15 11:28:25.174925,1571089.65,41145.31,Cancelled
134278,542245656,469522,Sale,2023-10-25 06:56:37.955112,4474416.67,194452.54,Cancelled
484636,623292230,817672,Sale,2024-02-11 14:25:33.485244,532322.93,19795.71,Pending
896357,625569790,378032,Sale,2024-05-20 20:33:29.173340,2269759.45,134639.21,Completed
394423,172362426,953439,Sale,2023-08-22 19:38:05.387098,2361543.21,89044.58,Completed
473785,900094829,144602,Rent,2023-09-11 11:17:13.051017,2211246.79,75988.58,Pending
395851,925662243,958896,Lease,2024-03-13 10:34:09.595399,1637177.07,50244.65,Completed
193421,155949123,981547,Rent,2024-05-06 22:57:51.096724,2323936.57,136371.96,Pending
593992,532532915,822652,Sale,2024-02-20 23:40:56.016567,1196091.43,37980.13,Pending
508657,213915927,942057,Lease,2023-09-13 06:10:29.154790,2908786.12,148368.32,Cancelled
626197,276915123,856753,Sale,2024-01-12 05:06:06.079775,4446654.84,130701.09,Completed
803524,897689264,766336,Rent,2024-06-22 03:30:07.214687,1070330.5,52603.88,Completed
117339,289693060,395508,Sale,2024-05-01 15:45:59.542617,2767719.94,87603.36,Completed
616958,930195132,502894,Rent,2024-04-13 10:41:31.982787,1423688.71,41791.44,Pending
278824,834181394,984365,Lease,2024-04-26 08:08:03.457872,573503.06,22141.49,Cancelled
141832,633660712,572999,Rent,2023-10-07 11:49:44.049336,388404.71,19599.43,Pending
965269,973163878,430726,Lease,2024-04-18 05:24:59.972356,1185060.08,26073.41,Completed
633750,697500524,119144,Lease,2024-07-12 10:08:41.210397,1452941.42,46051.29,Cancelled
786274,222417991,652287,Lease,2024-03-04 17:41:13.795458,2927980.06,126882.77,Cancelled
174888,312451500,370843,Rent,2023-12-30 08:21:01.854793,3978167.49,91180.37,Completed
420766,182870648,575535,Sale,2023-09-14 22:48:04.565744,321140.77,11220.14,Cancelled
279336,622237297,435825,Sale,2024-04-16 15:41:52.449833,2170008.53,103329.78,Cancelled
374252,739517994,297235,Rent,2024-01-23 23:35:12.027474,674927.62,25801.96,Cancelled
831097,429656546,363410,Lease,2024-05-06 23:46:52.087263,802900.16,32062.68,Completed
392353,277632292,420916,Sale,2023-08-09 06:45:01.749145,3444106.96,73791.96,Completed
616022,141942593,254183,Lease,2023-08-13 06:35:26.595745,2675394.06,85622.71,Completed
953566,654197899,379715,Lease,2024-01-14 20:42:04.927356,2641020.94,115727.58,Cancelled
881732,780025631,420916,Sale,2024-05-18 11:58:09.613019,4364600.85,205789.1,Pending
178795,427353304,753243,Rent,2024-01-12 00:08:17.162197,1605612.65,89930.31,Pending
160869,606908442,240586,Sale,2023-09-10 03:59:47.676206,1694774.87,69406.29,Completed
837976,898633478,137515,Sale,2024-06-16 15:42:15.492173,1664323.96,37696.28,Pending
161752,900094829,324258,Sale,2024-03-04 16:45:59.540877,129023.4,3192.05,Completed
720562,814484385,291592,Lease,2024-06-05 03:48:23.290666,2924269.16,97265.12,Pending
192981,970115975,613616,Sale,2023-11-05 08:52:37.977164,307478.09,12992.54,Cancelled
349231,322557687,390782,Sale,2023-11-03 18:04:19.027030,4736505.43,127912.29,Completed
269541,791321217,287158,Lease,2023-10-07 06:06:02.614281,3400899.3,147005.47,Completed
222525,136507170,928893,Lease,2023-10-24 15:01:48.043881,2493654.11,141460.32,Pending
906641,257918796,794477,Sale,2024-03-09 19:56:49.403091,3732982.77,116394.1,Cancelled
436826,124627336,219899,Sale,2024-06-22 05:22:19.317872,1540480.74,47486.87,Cancelled
440125,522297232,699524,Rent,2024-01-02 16:34:52.787383,1706929.12,76883.47,Completed
890732,195313922,433119,Rent,2024-07-09 16:04:42.976004,1608168.48,56887.37,Pending
722598,548610758,424092,Lease,2024-02-06 14:04:25.327051,3842428.16,191911.68,Pending
936478,704750814,631594,Rent,2023-11-19 20:51:23.178468,2674063.1,86357.97,Pending
480574,302487179,358032,Sale,2024-05-15 13:45:11.815067,2897973.81,164326.26,Completed
791738,925245032,919905,Sale,2024-02-12 10:50:27.805702,1755150.15,75692.35,Pending
988227,733103368,222339,Lease,2023-11-11 19:28:42.654810,2338998.4,81081.5,Cancelled
839895,796763585,235835,Lease,2024-03-28 03:43:00.546008,3246494.59,177291.1,Completed
195182,980369609,197147,Lease,2024-03-13 18:20:08.865411,717244.28,27926.57,Cancelled
337689,297804645,970321,Sale,2023-12-14 16:41:10.867197,2278162.75,50735.73,Pending
743033,913541791,581370,Sale,2024-06-15 13:13:39.302555,1909756.12,51024.63,Cancelled
926471,968322958,478488,Rent,2024-06-08 23:31:48.474468,843644.53,42387.11,Pending
480194,806664173,796947,Lease,2024-06-19 20:05:45.821339,4976636.85,178821.9,Cancelled
362109,944697569,414430,Rent,2024-01-09 16:25:57.695470,2845676.3,86615.1,Completed
784148,955476709,414430,Sale,2024-05-19 00:30:36.202996,1590170.73,90517.19,Cancelled
382558,512889939,887380,Rent,2023-12-11 16:08:35.954313,3362397.6,153829.12,Pending
587593,763896282,585403,Sale,2023-12-05 14:04:23.066407,1735407.89,43545.3,Pending
876609,889211418,605410,Rent,2023-09-04 11:43:09.250766,3161059.22,125151.33,Cancelled
769747,123645610,964666,Lease,2023-12-09 13:28:41.591962,1792012.75,86593.77,Pending
957708,603149845,363410,Lease,2024-06-12 18:23:46.313366,1164187.66,51213.13,Completed
460580,697286685,142429,Sale,2024-05-22 15:47:58.933595,357800.54,21298.03,Completed
270671,276359823,547610,Sale,2023-11-27 21:57:23.382549,4980052.9,165267.68,Pending
453155,888582577,615903,Sale,2024-06-02 11:09:48.546961,4625298.15,206481.23,Cancelled
517602,564186022,497712,Sale,2024-04-21 20:35:30.991404,3687921.38,74636.51,Completed
411000,905690471,856753,Rent,2023-11-05 01:41:00.796910,1270084.01,63273.69,Cancelled
971994,886900442,888291,Sale,2024-06-02 12:02:36.934334,4218832.91,117363.45,Pending
502589,943656943,914887,Rent,2023-10-08 04:15:34.789605,1612241.04,82073.16,Pending
612466,685485761,800491,Sale,2024-03-07 05:05:54.113891,606621.51,34610.66,Pending
372045,217831018,388722,Lease,2024-07-11 09:37:31.843769,820990.75,43071.68,Cancelled
293261,684946144,474059,Sale,2024-02-17 04:55:46.118022,603279.55,17668.43,Completed
290339,561234800,575535,Sale,2024-06-09 08:46:17.227549,434959.63,25186.5,Completed
371449,543725496,677009,Sale,2024-04-13 19:21:36.289255,1493265.82,80507.87,Cancelled
731153,123645610,389948,Rent,2023-09-06 17:57:51.117613,360404.23,12851.32,Pending
810946,460249529,698806,Sale,2024-02-17 02:21:45.840654,1886944.48,53428.16,Completed
358525,603136283,537756,Lease,2023-08-25 17:50:27.525230,2125259.78,88898.78,Pending
149694,958275265,763182,Sale,2024-02-27 00:26:07.613343,2907064.72,114354.28,Cancelled
188811,603136283,614479,Lease,2023-10-19 19:04:42.911454,4913992.67,254667.27,Cancelled
813184,118736786,481819,Sale,2024-05-09 12:15:22.495889,3327734.25,105081.45,Completed
471707,970371866,211495,Rent,2024-03-03 08:28:04.700820,307570.21,14361.68,Pending
944598,634293558,854974,Rent,2024-06-02 04:10:35.417329,4066261.96,123314.62,Completed
133677,665215591,994629,Lease,2023-11-09 10:15:33.915128,4648032.42,231373.49,Cancelled
691884,944164952,209118,Sale,2023-10-12 19:10:26.866861,1616147.31,80548.72,Cancelled
166880,668451251,439941,Sale,2024-06-02 02:21:31.397987,4127408.64,207429.54,Cancelled
206478,869787193,809113,Rent,2024-03-26 22:25:52.242764,3565461.73,113834.48,Completed
207712,993959923,180829,Rent,2024-05-30 20:26:58.942633,4713357.57,105770.0,Pending
556734,201044667,827425,Lease,2024-07-07 21:39:25.510578,1044520.39,34884.17,Cancelled
305054,376996654,632870,Lease,2024-05-19 05:08:44.450234,2159241.37,65264.83,Pending
804020,312451500,216140,Sale,2024-03-17 01:25:23.639941,1564305.87,89705.69,Pending
765014,345151618,848567,Lease,2024-07-04 11:31:37.288753,592810.33,32433.9,Pending
593866,919088579,180829,Sale,2024-05-03 02:48:29.981223,1272113.46,39904.98,Pending
297790,102979473,198344,Rent,2023-08-31 11:13:49.245249,2896716.14,88684.8,Completed
846245,935910587,601180,Rent,2024-04-16 09:05:10.084177,3889486.75,201216.28,Cancelled
193428,659148705,982840,Rent,2023-10-04 16:10:03.758026,496362.97,21888.08,Completed
656931,735392701,817672,Sale,2023-10-02 02:46:24.913355,1919035.2,110160.77,Pending
309167,595618353,300915,Sale,2024-04-30 07:48:52.624130,2819172.84,93923.69,Cancelled
808506,716088639,229641,Lease,2024-05-19 14:24:30.578769,2878232.84,144720.49,Pending
626997,796288261,655080,Lease,2024-03-06 10:02:31.692906,3081714.7,155750.29,Completed
491537,842607309,996780,Sale,2024-01-02 08:01:48.449357,2983995.34,129037.33,Completed
200225,801779759,292381,Rent,2024-04-10 05:07:51.740256,2107982.77,106979.27,Pending
974684,816204718,614479,Sale,2023-09-15 06:48:10.401225,2224974.33,53913.24,Pending
904397,800325147,708270,Lease,2024-05-15 03:28:34.358627,487532.97,12826.2,Completed
597690,655857276,529019,Rent,2023-08-12 11:36:02.173188,4977936.63,201536.58,Pending
505093,541101536,461671,Rent,2024-03-14 13:39:12.528369,2574949.68,91343.42,Cancelled
977127,256997401,566208,Lease,2024-04-16 02:41:20.076840,2978432.66,166845.37,Pending
259368,419899556,861992,Rent,2024-04-26 12:13:20.961484,2012355.6,66120.09,Completed
673126,985200314,463755,Lease,2024-03-14 17:04:31.484725,1723224.73,58838.83,Pending
228353,926373891,892224,Lease,2024-07-19 14:12:34.927881,4154375.85,244700.65,Cancelled
314748,302487179,891128,Lease,2023-09-20 15:44:32.409448,129397.78,4029.56,Completed
948284,347953607,150589,Lease,2024-01-13 12:41:30.877348,4393724.14,113303.55,Completed
441953,827676092,907006,Lease,2024-05-13 04:28:07.146868,3314910.58,66863.12,Pending
656545,417273353,632409,Lease,2024-01-04 03:12:11.234228,1052494.09,53919.2,Cancelled
312382,482948234,778615,Sale,2023-11-19 07:33:07.936938,3917429.9,187464.99,Pending
988039,837556535,175236,Lease,2024-05-14 13:10:27.027828,1877752.75,40379.47,Completed
194525,453179253,574239,Sale,2023-10-14 10:01:23.682491,2098141.93,69955.07,Cancelled
440618,753158095,644858,Rent,2024-02-05 00:50:17.014314,1742633.59,36427.3,Cancelled
251468,103874377,881113,Sale,2024-01-31 14:50:53.526402,4358462.75,105144.81,Completed
328619,507721481,765226,Lease,2024-02-03 13:45:36.496192,4423610.46,256522.04,Completed
482172,512889939,111988,Rent,2024-02-12 19:13:38.495933,675087.01,29015.11,Cancelled
884812,988290589,971402,Rent,2024-03-11 18:17:13.211082,3839416.83,140588.21,Completed
981049,993959923,378567,Rent,2024-01-21 04:42:04.666008,837007.84,37491.26,Completed
129303,312451500,723500,Lease,2023-10-01 10:48:53.303384,1352957.56,31060.35,Pending
130304,123012896,204014,Lease,2024-06-21 00:35:09.909712,1512605.17,46577.51,Cancelled
744563,482948234,626495,Sale,2024-07-14 04:54:51.040898,1560738.63,73536.38,Pending
557039,899061137,885294,Sale,2024-07-29 23:30:13.319261,211599.71,5110.33,Cancelled
739103,331276159,778508,Rent,2023-12-04 22:57:32.301532,2754405.02,85720.45,Cancelled
513448,675298572,496140,Sale,2024-03-31 08:07:39.012946,1721461.92,37784.76,Cancelled
667806,420710641,695725,Lease,2024-02-04 07:39:09.525396,1290127.19,57721.45,Cancelled
155784,825444772,737292,Rent,2024-07-19 19:22:25.589965,277648.41,10506.81,Completed
553057,126367966,449781,Lease,2024-05-09 21:03:44.906122,2680882.27,121799.23,Cancelled
838135,595469220,250210,Rent,2024-07-08 05:53:08.313742,3747198.09,150026.56,Pending
681110,403626102,833978,Sale,2023-12-06 17:48:43.086240,996505.32,43493.23,Completed
460186,143378769,748559,Lease,2023-08-30 14:08:17.830081,3263223.63,122536.93,Cancelled
255016,144516945,579224,Lease,2024-07-02 11:55:41.843482,4645377.35,266289.49,Cancelled
982063,816235652,727992,Lease,2024-06-03 13:35:44.950218,889840.09,34495.68,Completed
909155,753158095,116904,Lease,2024-06-02 13:39:37.313129,3275696.9,79675.27,Pending
884186,869787193,330173,Rent,2024-07-04 19:17:08.601661,1085973.99,56556.55,Cancelled
777041,838486712,572611,Sale,2023-09-22 19:15:52.634445,3833492.37,177251.82,Pending
425160,827676092,836436,Rent,2024-07-24 00:44:41.480011,4227627.63,188433.89,Pending
598358,360279276,950242,Sale,2023-10-30 03:04:24.376579,3757871.89,195392.8,Completed
122004,542245656,196622,Sale,2023-08-09 08:26:35.856560,535908.24,23369.52,Pending
674500,612262800,871515,Sale,2023-11-17 23:53:14.644597,3353215.55,122772.19,Completed
683744,289693060,221064,Sale,2024-03-13 20:04:27.035972,3038043.51,171504.18,Cancelled
340128,307304171,602956,Lease,2023-11-30 03:55:23.606459,4343217.48,240610.28,Completed
872032,290769471,569575,Lease,2024-05-28 07:52:33.337043,718297.54,42007.94,Pending
860694,713902416,291592,Lease,2024-05-25 15:25:55.521796,803467.9,23853.01,Completed
199037,217831018,951786,Lease,2024-03-03 12:50:48.449355,868437.4,17731.21,Cancelled
293531,327668065,461436,Sale,2024-05-24 13:48:08.994580,1158089.21,41714.17,Cancelled
748314,257918796,556041,Rent,2023-09-29 16:04:27.272606,3948586.07,165471.58,Cancelled
915703,699804085,388670,Lease,2023-09-23 21:29:59.422193,1654146.93,38371.7,Pending
483238,549991309,198344,Sale,2024-03-24 02:03:16.320281,719702.5,16985.56,Pending
622900,656464832,985727,Sale,2023-09-20 19:58:32.299157,2617457.58,111097.19,Completed
499215,989355032,416149,Rent,2023-10-25 14:15:53.447916,2651705.53,118382.25,Cancelled
873728,525662609,973957,Sale,2024-05-05 16:36:55.942813,2266309.46,64145.38,Cancelled
571194,776668911,186600,Rent,2023-11-10 01:27:07.630278,1319954.06,47798.44,Pending
140673,796288261,206131,Rent,2024-07-22 20:21:13.081489,3325204.28,112879.79,Pending
962020,192119059,940272,Rent,2024-07-18 07:00:56.771240,1440255.85,74218.25,Pending
522397,373151021,705386,Sale,2024-07-05 15:59:59.312844,1495784.48,73444.04,Cancelled
997343,937871300,267205,Rent,2024-02-23 10:11:36.910408,1203205.84,63917.74,Completed
921835,427350816,183804,Rent,2024-02-16 09:27:51.980504,4745267.39,163169.93,Pending
541939,843389722,674593,Rent,2023-10-29 20:44:33.436872,802647.2,28471.77,Pending
286114,595944005,295556,Rent,2024-07-20 23:39:47.316277,1975497.76,51593.65,Cancelled
671822,977089428,474059,Rent,2023-10-28 11:10:28.308445,2592806.3,92672.19,Pending
640395,163625303,285939,Lease,2024-06-17 20:11:52.703701,386016.56,18575.64,Cancelled
569422,687843571,403806,Sale,2023-11-28 01:40:38.608685,3878800.69,91908.8,Cancelled
959615,900094829,372295,Rent,2023-10-24 02:02:50.664128,4945202.34,261080.66,Cancelled
885508,364016582,207842,Rent,2023-11-25 02:26:10.168616,873219.71,51786.03,Cancelled
600561,217141048,219159,Lease,2024-02-18 10:13:44.206044,4812219.67,272749.43,Pending
467184,517752008,766512,Rent,2024-02-17 21:45:52.748983,3497738.35,81588.39,Pending
848849,239239446,804764,Rent,2023-12-06 10:59:39.727340,1969663.28,110915.34,Pending
890261,325826671,897599,Sale,2024-06-09 01:05:46.527799,3979931.61,104395.57,Completed
158115,169540736,253248,Rent,2023-10-10 13:50:33.927159,3074308.6,158007.72,Cancelled
207989,234439102,766512,Lease,2024-06-11 01:35:54.015289,3828831.77,90724.61,Completed
734828,217141048,687600,Sale,2023-08-16 19:07:05.320966,1444054.45,46031.48,Completed
243976,911744662,375607,Lease,2024-06-05 05:18:33.024991,3594872.36,126503.29,Cancelled
192691,810577747,837816,Rent,2024-04-15 20:12:44.502655,415829.86,23237.76,Pending
466628,497199511,739380,Sale,2024-01-24 00:43:51.751049,1947073.77,91654.69,Completed
860056,856895494,161999,Lease,2024-01-29 04:36:38.078053,183972.29,4203.26,Cancelled
927400,739482662,495347,Sale,2023-12-23 20:38:36.560106,4438724.43,102563.98,Cancelled
332598,761694360,616893,Rent,2024-03-14 11:59:51.752481,4086696.72,112563.57,Cancelled
908247,997936456,246221,Lease,2023-10-28 21:05:42.081881,3059480.89,126336.69,Completed
542364,710216602,804764,Sale,2024-01-07 15:33:00.936373,2227370.04,97523.55,Cancelled
395062,838026445,420226,Lease,2024-03-27 01:28:22.091979,1518174.07,52816.45,Completed
411958,134011247,790206,Lease,2023-11-22 16:50:37.314830,1166347.28,50414.98,Completed
907965,176198538,128739,Lease,2023-08-21 13:57:27.577160,759651.84,24619.31,Pending
920714,376996654,711080,Sale,2023-08-15 04:42:12.685177,592502.64,13142.73,Cancelled
630085,864888814,891060,Sale,2024-04-28 18:12:26.454932,4205961.84,204309.7,Completed
613875,848642380,966401,Sale,2024-07-27 01:10:13.672153,2159563.58,103866.94,Pending
644095,274591285,279353,Rent,2024-03-07 08:22:31.485964,4976914.79,225075.62,Pending
425429,748066546,854783,Lease,2024-04-14 07:34:33.596680,4045321.1,214984.57,Completed
162859,821962596,107978,Lease,2024-07-07 18:01:25.010535,174682.65,8290.91,Pending
320898,201654081,569575,Sale,2024-04-15 11:14:01.066025,2291507.65,114401.51,Completed
962260,544213299,743842,Rent,2024-01-31 16:53:33.675037,4305382.01,134067.46,Cancelled
889273,347474654,855862,Rent,2024-01-14 04:21:05.785855,2260802.88,68781.25,Cancelled
736113,753158095,650533,Rent,2023-08-27 02:14:05.355871,3756226.56,219323.54,Cancelled
214923,394060753,991636,Sale,2024-01-27 01:12:19.144764,4436868.2,163169.76,Completed
425485,208916343,157613,Sale,2024-04-03 00:49:44.843409,795477.72,43738.2,Pending
130071,200364042,778508,Rent,2024-06-20 15:09:54.512696,2251869.87,63765.57,Cancelled
958486,852186813,933140,Sale,2023-09-22 14:09:21.304003,4566098.39,171642.87,Completed
894791,946171338,416149,Rent,2024-07-26 02:51:46.493378,4508581.94,268318.87,Pending
224814,800671429,219159,Lease,2023-09-30 21:14:33.015712,838846.55,41447.38,Cancelled
141776,150046261,635962,Sale,2023-12-22 08:58:23.566054,3669989.78,117293.36,Pending
895865,868183942,357770,Lease,2023-12-06 23:41:22.095724,158040.03,5933.15,Cancelled
828432,926373891,482101,Rent,2023-12-18 04:41:52.071456,2336577.88,66661.38,Completed
518351,786097405,125303,Rent,2024-05-22 13:07:23.789623,1057102.47,43769.78,Cancelled
369304,571058696,836436,Lease,2024-06-29 09:50:33.650154,2174484.42,58372.05,Cancelled
705893,106217676,680467,Sale,2023-09-07 05:41:24.287861,1731530.42,48974.22,Completed
469655,816235652,448460,Sale,2023-12-10 01:08:01.068448,2028732.11,107890.17,Pending
515615,144181465,327871,Lease,2024-02-23 05:55:26.815167,1158666.88,53619.07,Completed
361802,339467670,967949,Sale,2024-02-25 15:39:19.219219,3064236.92,75320.14,Cancelled
906611,868183942,799865,Sale,2023-12-30 12:31:22.761885,3385068.58,158824.58,Pending
467943,567238908,353575,Rent,2023-12-28 07:08:36.246506,3393685.69,201985.17,Cancelled
724257,144181465,510848,Rent,2023-11-12 10:50:43.590661,2543862.61,103316.31,Pending
692491,583557203,576291,Lease,2024-04-25 17:22:32.597673,241614.17,7753.99,Completed
106353,895498200,418404,Rent,2024-03-25 08:01:04.494354,4903629.98,205236.75,Cancelled
950899,796288261,318036,Lease,2024-07-28 17:42:33.884747,252755.14,12908.54,Completed
476195,405750712,723500,Sale,2024-01-25 17:18:13.291137,4321908.08,115310.77,Completed
713360,992953139,674870,Rent,2024-05-12 19:09:38.021943,2735044.75,160574.71,Completed
761332,942160141,492009,Rent,2024-04-27 07:42:36.077507,780163.56,36893.9,Cancelled
669857,243328091,119144,Lease,2024-03-14 13:24:41.024719,4792686.33,116175.6,Cancelled
292609,563025822,628611,Rent,2024-02-16 23:14:08.326884,3794860.14,176959.93,Completed
208370,965470228,198995,Rent,2024-04-07 19:54:19.252752,2323927.64,120646.47,Cancelled
499854,919088579,457452,Sale,2024-07-30 16:46:17.209525,2007709.43,83943.7,Cancelled
253530,876708873,641729,Rent,2024-04-06 16:51:01.555125,2666701.89,94204.12,Pending
867564,183202489,950242,Lease,2024-03-28 13:48:45.227101,4577134.2,172435.86,Completed
523960,539210491,759782,Sale,2024-03-22 15:51:07.326231,1146921.9,34728.66,Pending
345935,988290589,879881,Lease,2024-03-17 01:15:43.859622,4323452.58,143331.54,Cancelled
465316,108162743,856631,Rent,2023-12-23 19:18:23.114930,3771436.18,112585.09,Pending
135678,378341180,562035,Rent,2023-09-18 17:54:41.060133,4551749.76,174131.63,Cancelled
959558,225565642,556016,Rent,2024-06-29 02:15:30.118037,2285451.25,79733.87,Cancelled
100019,150811282,130304,Sale,2023-08-27 15:47:32.536206,2217070.07,95267.87,Completed
611687,859997871,477142,Lease,2024-02-25 05:27:30.264051,3108257.76,147261.74,Pending
875336,746407348,724567,Sale,2023-10-07 11:21:32.846163,346023.31,8395.68,Cancelled
647404,661188789,967949,Rent,2024-07-19 12:35:37.862985,479571.8,20155.65,Cancelled
696113,429656546,510848,Rent,2024-06-06 13:30:58.095897,278805.48,14447.92,Pending
771483,598205651,519633,Lease,2024-01-19 01:58:09.065964,4382181.38,157836.69,Cancelled
310766,706015635,695725,Lease,2024-07-04 04:25:40.360933,4626452.69,155618.21,Cancelled
181247,991396781,141407,Rent,2024-05-08 15:43:10.725998,3955574.12,97687.24,Pending
999018,162086720,403806,Rent,2023-12-13 10:04:42.752851,4189174.29,127096.57,Pending
130441,136507170,171297,Lease,2024-04-17 04:10:42.480073,287895.8,12429.46,Pending
395094,174101959,635962,Sale,2024-03-28 11:06:18.651821,1655465.9,94692.6,Completed
432154,821001810,503826,Sale,2024-01-15 14:36:40.637408,1619375.62,66799.53,Cancelled
758100,856699431,373449,Sale,2023-09-10 07:56:12.896631,3651853.36,171693.97,Pending
751503,701813725,530373,Sale,2024-05-04 20:52:29.534716,4157515.68,233597.3,Pending
228955,581150965,653176,Rent,2024-05-12 14:54:30.918452,3400177.74,197159.35,Completed
797909,365070767,704333,Rent,2023-08-25 15:15:13.998923,2838784.1,118574.36,Cancelled
176827,655857276,753376,Lease,2024-03-29 19:42:07.941618,1084772.62,58752.9,Completed
970932,383427753,337902,Rent,2024-05-09 07:59:00.883447,541639.63,23371.14,Completed
554198,790075027,577549,Sale,2024-04-19 23:01:11.643911,4609126.91,182949.35,Cancelled
510643,665228631,372902,Sale,2024-03-13 13:58:33.323303,1675980.58,71580.26,Cancelled
715257,733103368,886977,Rent,2023-09-25 15:53:37.698537,2217171.41,87945.82,Pending
540235,989355032,737292,Lease,2023-12-27 15:44:46.290746,3982286.84,194493.4,Completed
586321,821001810,599277,Sale,2024-02-04 22:49:06.595692,957287.4,51501.94,Completed
582785,468517991,860809,Rent,2024-06-14 05:11:34.317267,2037414.11,41869.6,Completed
924808,627250072,291592,Sale,2023-11-05 07:09:14.612525,1674891.73,70478.92,Cancelled
667731,765008472,103229,Rent,2024-04-01 09:46:05.900464,2381719.33,66255.84,Cancelled
663739,289111051,994677,Lease,2024-06-15 02:53:25.531169,2768494.46,126553.85,Cancelled
315541,827676092,250210,Sale,2024-04-16 11:51:01.136720,1131467.62,64271.95,Completed
893598,297804645,414430,Rent,2023-10-08 18:40:54.350811,3220305.86,124451.6,Pending
334760,973653590,766336,Rent,2024-06-13 11:27:52.035073,1145946.47,27126.45,Cancelled
282205,385941697,435825,Rent,2024-04-15 17:55:47.084548,2243880.55,91002.32,Cancelled
100917,716088639,361008,Rent,2023-12-04 06:41:04.496795,695918.16,34582.84,Cancelled
788486,345151618,744483,Sale,2024-02-13 02:15:07.012502,1546097.36,48494.29,Cancelled
544365,627889101,435240,Sale,2024-01-20 11:02:09.788679,2226622.95,133312.03,Cancelled
410237,825699173,742227,Rent,2023-08-18 15:06:23.898777,513466.71,26375.88,Pending
316000,120302028,372295,Rent,2023-12-18 08:10:02.073673,2166473.55,103011.65,Completed
480731,893386743,435825,Sale,2024-04-25 01:49:51.306471,2019344.88,56986.22,Completed
495830,516465018,703067,Rent,2024-07-26 16:29:46.996114,1909391.28,74978.11,Cancelled
761408,232042481,731421,Sale,2023-08-29 07:36:19.828274,2657963.87,159072.71,Cancelled
989013,675298572,469522,Lease,2023-09-12 04:29:29.373111,423706.95,15616.44,Pending
784339,497199511,184871,Lease,2024-02-12 02:56:45.283253,250897.92,11063.37,Completed
543056,485117025,980185,Sale,2024-04-07 06:00:22.355480,4830931.16,172104.83,Completed
260674,981256509,272280,Rent,2024-06-10 19:25:06.958146,281964.99,7879.11,Completed
912796,482141313,331524,Sale,2024-05-28 02:19:12.204085,2932930.94,126339.84,Cancelled
104500,946744051,676106,Rent,2024-03-30 07:41:34.703576,395144.82,17887.8,Completed
607881,100555564,879741,Sale,2023-10-15 19:55:54.051296,194785.46,5549.53,Completed
633111,930325158,469522,Rent,2023-08-30 08:03:21.942144,712744.14,18665.49,Cancelled
375291,606908442,388911,Rent,2024-01-22 01:11:44.075400,3931467.05,170606.19,Cancelled
309204,272046020,180829,Lease,2023-08-07 15:02:15.616915,4391125.8,159479.5,Completed
367009,811727990,613195,Lease,2024-07-12 08:32:29.049301,1635534.92,86664.45,Completed
905097,741494051,921682,Lease,2023-09-04 02:17:41.627068,1902463.19,50160.86,Cancelled
652520,262795787,705312,Rent,2023-09-18 16:03:29.453934,2755086.55,132677.49,Completed
585780,910739193,471899,Sale,2023-09-06 10:27:11.059488,3979484.13,107291.7,Cancelled
892721,590862336,711817,Sale,2023-12-06 10:14:15.482402,435034.54,22809.94,Pending
681289,582496546,569575,Rent,2024-02-05 03:10:22.627792,4991751.73,213531.84,Cancelled
862835,990983424,984365,Lease,2023-08-21 01:35:37.811518,2466924.96,64207.79,Pending
131365,318154144,950242,Sale,2024-01-15 14:12:49.148433,175347.81,5893.04,Completed
315879,900094829,840736,Sale,2024-06-05 06:35:32.760794,1936839.5,58866.52,Pending
927995,183202489,489483,Rent,2023-09-03 20:51:20.471085,424307.83,8857.94,Pending
264842,925245032,602108,Rent,2023-09-01 19:07:12.337995,1560364.27,41007.44,Cancelled
825266,612148569,644482,Sale,2023-10-31 06:29:12.914168,2096974.1,98750.11,Cancelled
867310,744364421,497712,Rent,2024-08-01 21:10:58.012779,1399144.09,60526.05,Cancelled
781384,112704434,375607,Lease,2023-09-02 08:37:49.805844,3423700.85,174987.0,Pending
140076,937075737,363410,Lease,2023-11-30 15:43:33.394280,3624350.13,158686.77,Cancelled
353536,925662243,897599,Lease,2024-03-17 18:00:24.915010,4874409.68,213971.44,Completed
697461,341789053,812776,Lease,2024-02-08 11:28:59.066934,3123482.76,73591.49,Completed
548303,869787193,606127,Lease,2024-05-11 08:08:42.794432,1481536.75,71152.76,Pending
518792,757181085,266013,Sale,2024-07-14 12:09:00.841815,465441.01,9387.24,Cancelled
221261,925245032,550153,Sale,2024-02-07 09:30:28.436834,4175196.49,196921.0,Completed
584845,344511650,255892,Lease,2023-09-15 05:14:39.623798,958910.58,42436.64,Completed
484633,459799351,792987,Sale,2024-03-22 11:32:01.226648,134523.63,7604.9,Completed
623227,989355032,712603,Rent,2024-01-16 06:17:36.171867,3192675.32,140150.47,Completed
500418,864888814,395508,Lease,2024-04-29 14:34:26.991727,4721209.22,197996.74,Completed
398332,650725965,635365,Lease,2024-03-13 22:46:23.709013,1739800.68,73423.38,Completed
926725,925662243,495874,Sale,2023-10-30 22:34:23.935385,1081141.48,27608.32,Completed
223663,522297232,904359,Rent,2023-10-14 17:40:08.392637,3720406.99,138315.12,Completed
487836,572153968,745897,Lease,2023-10-24 08:10:58.388608,322569.09,10751.84,Pending
148149,859997871,585403,Rent,2023-09-07 19:13:44.660213,3056124.6,148318.77,Pending
777297,713902416,515441,Sale,2024-04-14 03:00:10.946063,4951137.57,161758.84,Cancelled
599374,886886138,518625,Lease,2023-10-25 10:48:16.150365,4065057.32,190785.95,Cancelled
921999,716163889,980993,Sale,2024-03-02 17:12:56.157876,1141992.52,40833.26,Completed
217481,103993653,711239,Lease,2024-01-07 06:26:47.221793,2752473.15,159079.78,Completed
226023,595469220,347407,Sale,2024-07-26 15:44:59.286423,3682342.08,99745.02,Pending
416269,893176268,883382,Rent,2023-08-29 16:11:58.355835,1742992.8,37985.65,Pending
824846,894465169,270969,Sale,2024-02-21 02:40:16.286246,4644137.92,243045.2,Cancelled
557102,289111051,991636,Rent,2024-01-15 06:20:42.780500,4473644.69,181114.03,Completed
225672,919178241,225084,Lease,2024-02-20 09:55:49.472025,123334.91,5227.6,Completed
136727,202642112,745452,Sale,2023-12-31 21:59:45.426502,3015722.94,78665.35,Cancelled
528841,265608636,213828,Sale,2024-05-25 13:31:10.636259,2973496.92,128962.83,Pending
485300,774169883,278459,Lease,2024-04-12 07:38:46.550465,3062871.6,71219.88,Cancelled
426792,108162743,885294,Lease,2024-07-16 10:26:33.144612,3459816.25,94200.5,Cancelled
494436,970371866,130304,Rent,2023-11-25 19:54:32.812727,2016904.19,117180.75,Pending
521309,129498872,695725,Lease,2024-03-16 15:32:27.049946,1987443.39,97375.33,Cancelled
946493,806664173,474059,Sale,2024-04-23 09:23:27.125649,3337648.7,101030.97,Pending
663772,750325401,441182,Lease,2023-11-06 04:24:05.810958,379791.81,7686.4,Cancelled
665904,372390924,804661,Rent,2023-08-07 01:42:54.674870,121126.97,3310.09,Cancelled
923632,420710641,753331,Sale,2023-09-19 19:19:05.845935,4606944.59,97842.28,Cancelled
147633,627250072,424085,Lease,2023-12-28 18:14:26.718579,1801531.62,89683.64,Completed
492266,959940610,435632,Lease,2024-02-24 00:14:58.949304,1309179.38,50957.24,Pending
358638,412746849,635365,Sale,2024-06-30 09:44:42.469599,1085798.96,64599.42,Cancelled
466919,622237297,901124,Rent,2024-07-06 19:50:08.582737,1350553.88,57851.47,Pending
426182,227213141,609492,Lease,2023-09-09 23:38:38.885064,4831458.58,185344.07,Pending
195286,849308314,511720,Lease,2023-08-26 16:41:30.448591,3029120.36,154275.93,Cancelled
158412,669929578,635962,Lease,2024-03-10 07:59:42.306494,2402741.0,73407.35,Completed
982592,261574293,448460,Sale,2023-08-31 05:23:28.090441,714370.6,34461.9,Pending
647408,172687149,228334,Lease,2024-03-27 17:36:36.300574,437239.12,21032.63,Cancelled
576309,176198538,774720,Sale,2024-01-16 02:08:45.734676,4915034.9,136635.82,Cancelled
109093,579895974,625748,Lease,2024-07-23 19:58:05.865489,4803894.01,228896.59,Cancelled
665127,924228416,970321,Sale,2023-11-03 04:22:36.761724,2005190.92,107127.39,Pending
572231,344288237,703401,Rent,2024-05-27 23:03:42.386918,310822.42,9734.61,Completed
580748,155949123,107978,Sale,2024-05-20 04:47:01.436897,4902652.31,228111.34,Cancelled
649724,911744662,884527,Sale,2024-07-10 07:10:40.052491,941303.23,32332.29,Pending
742503,483881569,596816,Lease,2024-04-18 18:13:31.502167,1740886.26,96341.53,Completed
284349,143202493,769263,Rent,2023-11-09 04:12:07.049464,3455978.96,205968.18,Completed
548848,853164371,377203,Rent,2023-12-24 16:01:52.561611,292650.49,9779.84,Completed
380730,328040373,116904,Lease,2023-08-23 11:23:20.000980,470914.87,10188.0,Completed
573324,282430502,917253,Sale,2024-01-02 23:30:27.544791,4581061.81,252812.57,Cancelled
894835,475967502,285887,Rent,2024-06-02 20:48:54.031068,4852445.63,244114.9,Pending
293129,475395060,202223,Rent,2024-06-02 12:02:59.368806,755507.37,42584.97,Completed
620836,451027160,449739,Lease,2024-01-19 12:00:01.890631,240007.18,10043.1,Pending
183170,942054786,130230,Lease,2024-02-17 08:16:50.197948,2950274.26,157221.28,Cancelled
237467,875478919,984261,Rent,2024-06-29 20:24:48.869152,3332859.1,150341.93,Completed
850379,439769409,142429,Lease,2024-01-29 13:23:05.530106,3272088.92,162185.42,Pending
869078,253305443,705386,Sale,2023-09-20 03:07:21.041640,573040.49,31056.99,Pending
453075,345943441,711817,Lease,2024-03-27 19:57:55.045173,4105278.12,139743.21,Completed
797827,234510955,511720,Sale,2024-05-21 22:19:23.549721,399934.59,14006.54,Completed
814677,274591285,933140,Rent,2024-04-30 22:54:10.505202,2076112.12,95603.83,Cancelled
349979,761694360,422942,Sale,2023-10-02 16:50:19.705746,1048565.99,28984.97,Completed
967771,941382956,156182,Lease,2024-05-19 03:13:32.734710,2674033.64,87263.93,Pending
627871,661188789,996780,Sale,2024-04-01 06:54:37.283049,350162.46,18891.7,Pending
749562,551560739,173621,Rent,2024-01-23 23:54:07.423236,2380592.17,80315.89,Completed
411016,352169601,442278,Sale,2024-03-09 12:00:08.674105,619672.93,27615.16,Completed
501770,792546237,209491,Sale,2024-07-27 00:00:50.614415,3096114.0,140560.87,Cancelled
526552,746407348,556016,Lease,2024-05-26 03:08:55.227473,3665852.47,93139.26,Completed
539049,937871300,566208,Sale,2024-03-29 19:21:03.818083,275059.48,13792.43,Pending
457928,566470680,593568,Lease,2023-09-02 05:25:03.604354,3961138.65,92711.58,Pending
657582,708260648,550153,Sale,2024-05-01 18:29:46.047684,2940793.84,168503.28,Completed
350426,409910448,157307,Rent,2024-02-22 09:36:48.769125,4678731.11,169752.33,Completed
676921,848642380,703067,Sale,2024-08-02 08:46:31.635564,1512146.04,73562.56,Pending
201717,463179399,549624,Lease,2024-05-13 12:21:59.558175,3484029.82,150225.58,Cancelled
911005,618853619,596591,Sale,2024-04-15 15:42:56.280091,4507388.36,264438.36,Pending
252000,571968913,302790,Sale,2024-05-26 14:56:51.678730,4008681.2,100350.1,Cancelled
269596,192756566,567961,Sale,2023-08-26 11:24:33.225521,1729765.96,89426.06,Completed
